timestamp,thread_index,test_id,mode,target_field,target_value,payload_source,payload_label,req_payload_len,req_payload_hex,req_service_id,req_method_id,req_session_id,response_received,response_time_ms,rsp_method_id,rsp_session_id,rsp_client_id,rsp_msg_type,rsp_retcode,verdict,req_method_id_dec,rsp_method_id_dec
14:10:14.109,0,1,fuzz,method_id,10,llm,u16_0001,2,0001,0xff40,0x000a,0x0010,True,86.96,0x000a,0x0010,0x1343,0x81,0x09,error_response,10,10
14:10:15.161,0,2,fuzz,method_id,10,llm,u16_000a,2,000a,0xff40,0x000a,0x0011,True,46.40,0x000a,0x0011,0x1343,0x81,0x09,error_response,10,10
14:10:16.229,0,3,fuzz,method_id,10,llm,u16_0100,2,0100,0xff40,0x000a,0x0012,True,64.82,0x000a,0x0012,0x1343,0x81,0x09,error_response,10,10
14:10:17.341,0,4,fuzz,method_id,10,llm,pair_0001_0001,4,00010001,0xff40,0x000a,0x0013,True,103.97,0x000a,0x0013,0x1343,0x81,0x09,error_response,10,10
14:10:18.405,0,5,fuzz,method_id,10,llm,pair_0001_ffff,4,0001ffff,0xff40,0x000a,0x0014,True,59.07,0x000a,0x0014,0x1343,0x81,0x09,error_response,10,10
14:10:19.453,0,6,fuzz,method_id,10,llm,pair_0100_0100,4,01000100,0xff40,0x000a,0x0015,True,44.96,0x000a,0x0015,0x1343,0x81,0x09,error_response,10,10
14:10:20.513,0,7,fuzz,method_id,12,llm,u16_0001,2,0001,0xff40,0x000c,0x0016,True,54.91,0x000c,0x0016,0x1343,0x81,0x09,error_response,12,12
14:10:21.561,0,8,fuzz,method_id,12,llm,u16_000a,2,000a,0xff40,0x000c,0x0017,True,42.67,0x000c,0x0017,0x1343,0x81,0x09,error_response,12,12
14:10:22.605,0,9,fuzz,method_id,12,llm,u16_0100,2,0100,0xff40,0x000c,0x0018,True,39.24,0x000c,0x0018,0x1343,0x81,0x09,error_response,12,12
14:10:23.677,0,10,fuzz,method_id,12,llm,pair_0001_0001,4,00010001,0xff40,0x000c,0x0019,True,69.33,0x000c,0x0019,0x1343,0x81,0x09,error_response,12,12
14:10:24.729,0,11,fuzz,method_id,12,llm,pair_0001_ffff,4,0001ffff,0xff40,0x000c,0x001a,True,49.60,0x000c,0x001a,0x1343,0x81,0x09,error_response,12,12
14:10:25.773,0,12,fuzz,method_id,12,llm,pair_0100_0100,4,01000100,0xff40,0x000c,0x001b,True,41.65,0x000c,0x001b,0x1343,0x81,0x09,error_response,12,12
