timestamp,payload_source,payload_label,method_id,hex_method_id,method_name,payload_hex,payload_len,trial_index,reset_payload_hex,reset_after_payload_hex,before_payload_hex,response_received,msg_type,retcode,verdict,latency_ms,response_payload_hex,after_payload_hex,state_changed,reset_equivalent,non_trivial_state_effect,error
14:43:22.739,llm_feedback,m10_status_off_zero,10,0x000a,setSeatHeatingStatus,00000000,4,1,00000000,00000000,00000000,True,0x80,0x00,normal_response,32.590,00000000,00000000,False,True,False,
14:43:22.770,llm_feedback,m10_status_off_zero,10,0x000a,setSeatHeatingStatus,00000000,4,2,00000000,00000000,00000000,True,0x80,0x00,normal_response,31.460,00000000,00000000,False,True,False,
14:43:22.802,llm_feedback,m10_status_off_zero,10,0x000a,setSeatHeatingStatus,00000000,4,3,00000000,00000000,00000000,True,0x80,0x00,normal_response,32.184,00000000,00000000,False,True,False,
14:43:22.835,llm_feedback,m10_status_on_u32,10,0x000a,setSeatHeatingStatus,00000001,4,1,00000000,00000000,00000000,True,0x81,0x09,error_response,32.332,,00000000,False,True,False,
14:43:22.868,llm_feedback,m10_status_on_u32,10,0x000a,setSeatHeatingStatus,00000001,4,2,00000000,00000000,00000000,True,0x81,0x09,error_response,33.105,,00000000,False,True,False,
14:43:22.901,llm_feedback,m10_status_on_u32,10,0x000a,setSeatHeatingStatus,00000001,4,3,00000000,00000000,00000000,True,0x81,0x09,error_response,33.120,,00000000,False,True,False,
14:43:22.936,llm_feedback,m10_status_on_byte,10,0x000a,setSeatHeatingStatus,01,1,1,00000000,00000000,00000000,True,0x81,0x09,error_response,34.279,,00000000,False,True,False,
14:43:22.966,llm_feedback,m10_status_on_byte,10,0x000a,setSeatHeatingStatus,01,1,2,00000000,00000000,00000000,True,0x81,0x09,error_response,30.510,,00000000,False,True,False,
14:43:22.998,llm_feedback,m10_status_on_byte,10,0x000a,setSeatHeatingStatus,01,1,3,00000000,00000000,00000000,True,0x81,0x09,error_response,31.255,,00000000,False,True,False,
14:43:23.030,llm_feedback,m10_status_off_byte,10,0x000a,setSeatHeatingStatus,00,1,1,00000000,00000000,00000000,True,0x81,0x09,error_response,31.651,,00000000,False,True,False,
14:43:23.062,llm_feedback,m10_status_off_byte,10,0x000a,setSeatHeatingStatus,00,1,2,00000000,00000000,00000000,True,0x81,0x09,error_response,31.976,,00000000,False,True,False,
14:43:23.093,llm_feedback,m10_status_off_byte,10,0x000a,setSeatHeatingStatus,00,1,3,00000000,00000000,00000000,True,0x81,0x09,error_response,30.853,,00000000,False,True,False,
14:43:23.124,llm_feedback,m10_status_true_bool_pad,10,0x000a,setSeatHeatingStatus,01000000,4,1,00000000,00000000,00000000,True,0x81,0x09,error_response,30.983,,00000000,False,True,False,
14:43:23.155,llm_feedback,m10_status_true_bool_pad,10,0x000a,setSeatHeatingStatus,01000000,4,2,00000000,00000000,00000000,True,0x81,0x09,error_response,30.741,,00000000,False,True,False,
14:43:23.186,llm_feedback,m10_status_true_bool_pad,10,0x000a,setSeatHeatingStatus,01000000,4,3,00000000,00000000,00000000,True,0x81,0x09,error_response,31.039,,00000000,False,True,False,
14:43:23.218,llm_feedback,m10_suffix_zero_01000000,10,0x000a,setSeatHeatingStatus,0100000000,5,1,00000000,00000000,00000000,True,0x81,0x09,error_response,31.213,,00000000,False,True,False,
14:43:23.255,llm_feedback,m10_suffix_zero_01000000,10,0x000a,setSeatHeatingStatus,0100000000,5,2,00000000,00000000,00000000,True,0x81,0x09,error_response,36.166,,00000000,False,True,False,
14:43:23.289,llm_feedback,m10_suffix_zero_01000000,10,0x000a,setSeatHeatingStatus,0100000000,5,3,00000000,00000000,00000000,True,0x81,0x09,error_response,33.588,,00000000,False,True,False,
14:43:23.322,llm_feedback,m10_suffix_ff_01000000,10,0x000a,setSeatHeatingStatus,01000000ff,5,1,00000000,00000000,00000000,True,0x81,0x09,error_response,32.861,,00000000,False,True,False,
14:43:23.365,llm_feedback,m10_suffix_ff_01000000,10,0x000a,setSeatHeatingStatus,01000000ff,5,2,00000000,00000000,00000000,True,0x81,0x09,error_response,43.224,,00000000,False,True,False,
14:43:23.397,llm_feedback,m10_suffix_ff_01000000,10,0x000a,setSeatHeatingStatus,01000000ff,5,3,00000000,00000000,00000000,True,0x81,0x09,error_response,31.324,,00000000,False,True,False,
14:43:23.428,llm_feedback,m10_prefix_zero_01000000,10,0x000a,setSeatHeatingStatus,0001000000,5,1,00000000,00000000,00000000,True,0x81,0x09,error_response,31.634,,00000000,False,True,False,
14:43:23.460,llm_feedback,m10_prefix_zero_01000000,10,0x000a,setSeatHeatingStatus,0001000000,5,2,00000000,00000000,00000000,True,0x81,0x09,error_response,31.228,,00000000,False,True,False,
14:43:23.491,llm_feedback,m10_prefix_zero_01000000,10,0x000a,setSeatHeatingStatus,0001000000,5,3,00000000,00000000,00000000,True,0x81,0x09,error_response,30.856,,00000000,False,True,False,
14:43:23.526,llm_feedback,m10_prefix_ff_01000000,10,0x000a,setSeatHeatingStatus,ff01000000,5,1,00000000,00000000,00000000,True,0x81,0x09,error_response,34.009,,00000000,False,True,False,
14:43:23.559,llm_feedback,m10_prefix_ff_01000000,10,0x000a,setSeatHeatingStatus,ff01000000,5,2,00000000,00000000,00000000,True,0x81,0x09,error_response,32.964,,00000000,False,True,False,
14:43:23.590,llm_feedback,m10_prefix_ff_01000000,10,0x000a,setSeatHeatingStatus,ff01000000,5,3,00000000,00000000,00000000,True,0x81,0x09,error_response,31.382,,00000000,False,True,False,
14:43:23.623,llm_feedback,m10_double_01000000,10,0x000a,setSeatHeatingStatus,0100000001000000,8,1,00000000,00000000,00000000,True,0x81,0x09,error_response,32.424,,00000000,False,True,False,
14:43:23.655,llm_feedback,m10_double_01000000,10,0x000a,setSeatHeatingStatus,0100000001000000,8,2,00000000,00000000,00000000,True,0x81,0x09,error_response,32.226,,00000000,False,True,False,
14:43:23.689,llm_feedback,m10_double_01000000,10,0x000a,setSeatHeatingStatus,0100000001000000,8,3,00000000,00000000,00000000,True,0x81,0x09,error_response,33.503,,00000000,False,True,False,
14:43:23.721,llm_feedback,m10_trunc2_01000000,10,0x000a,setSeatHeatingStatus,0100,2,1,00000000,00000000,00000000,True,0x81,0x09,error_response,32.431,,00000000,False,True,False,
14:43:23.753,llm_feedback,m10_trunc2_01000000,10,0x000a,setSeatHeatingStatus,0100,2,2,00000000,00000000,00000000,True,0x81,0x09,error_response,31.627,,00000000,False,True,False,
14:43:23.787,llm_feedback,m10_trunc2_01000000,10,0x000a,setSeatHeatingStatus,0100,2,3,00000000,00000000,00000000,True,0x81,0x09,error_response,32.832,,00000000,False,True,False,
14:43:23.820,llm_feedback,m10_trunc3_01000000,10,0x000a,setSeatHeatingStatus,010000,3,1,00000000,00000000,00000000,True,0x81,0x09,error_response,32.423,,00000000,False,True,False,
14:43:23.851,llm_feedback,m10_trunc3_01000000,10,0x000a,setSeatHeatingStatus,010000,3,2,00000000,00000000,00000000,True,0x81,0x09,error_response,31.758,,00000000,False,True,False,
14:43:23.884,llm_feedback,m10_trunc3_01000000,10,0x000a,setSeatHeatingStatus,010000,3,3,00000000,00000000,00000000,True,0x81,0x09,error_response,32.185,,00000000,False,True,False,
14:43:23.920,llm_feedback,m10_byte0_2_01000000,10,0x000a,setSeatHeatingStatus,02000000,4,1,00000000,00000000,00000000,True,0x81,0x09,error_response,36.614,,00000000,False,True,False,
14:43:23.960,llm_feedback,m10_byte0_2_01000000,10,0x000a,setSeatHeatingStatus,02000000,4,2,00000000,00000000,00000000,True,0x81,0x09,error_response,39.207,,00000000,False,True,False,
14:43:23.991,llm_feedback,m10_byte0_2_01000000,10,0x000a,setSeatHeatingStatus,02000000,4,3,00000000,00000000,00000000,True,0x81,0x09,error_response,31.516,,00000000,False,True,False,
14:43:24.024,llm_feedback,m10_byte0_3_01000000,10,0x000a,setSeatHeatingStatus,03000000,4,1,00000000,00000000,00000000,True,0x81,0x09,error_response,32.489,,00000000,False,True,False,
14:43:24.057,llm_feedback,m10_byte0_3_01000000,10,0x000a,setSeatHeatingStatus,03000000,4,2,00000000,00000000,00000000,True,0x81,0x09,error_response,32.237,,00000000,False,True,False,
14:43:24.092,llm_feedback,m10_byte0_3_01000000,10,0x000a,setSeatHeatingStatus,03000000,4,3,00000000,00000000,00000000,True,0x81,0x09,error_response,34.752,,00000000,False,True,False,
14:43:24.125,llm_feedback,m10_byte0_255_01000000,10,0x000a,setSeatHeatingStatus,ff000000,4,1,00000000,00000000,00000000,True,0x81,0x09,error_response,32.904,,00000000,False,True,False,
14:43:24.158,llm_feedback,m10_byte0_255_01000000,10,0x000a,setSeatHeatingStatus,ff000000,4,2,00000000,00000000,00000000,True,0x81,0x09,error_response,32.640,,00000000,False,True,False,
14:43:24.191,llm_feedback,m10_byte0_255_01000000,10,0x000a,setSeatHeatingStatus,ff000000,4,3,00000000,00000000,00000000,True,0x81,0x09,error_response,32.808,,00000000,False,True,False,
14:43:24.222,llm_feedback,m10_byte1_1_01000000,10,0x000a,setSeatHeatingStatus,01010000,4,1,00000000,00000000,00000000,True,0x81,0x09,error_response,31.419,,00000000,False,True,False,
14:43:24.256,llm_feedback,m10_byte1_1_01000000,10,0x000a,setSeatHeatingStatus,01010000,4,2,00000000,00000000,00000000,True,0x81,0x09,error_response,33.504,,00000000,False,True,False,
14:43:24.288,llm_feedback,m10_byte1_1_01000000,10,0x000a,setSeatHeatingStatus,01010000,4,3,00000000,00000000,00000000,True,0x81,0x09,error_response,32.048,,00000000,False,True,False,
14:43:24.320,llm_feedback,m10_byte1_2_01000000,10,0x000a,setSeatHeatingStatus,01020000,4,1,00000000,00000000,00000000,True,0x81,0x09,error_response,31.030,,00000000,False,True,False,
14:43:24.351,llm_feedback,m10_byte1_2_01000000,10,0x000a,setSeatHeatingStatus,01020000,4,2,00000000,00000000,00000000,True,0x81,0x09,error_response,31.062,,00000000,False,True,False,
14:43:24.382,llm_feedback,m10_byte1_2_01000000,10,0x000a,setSeatHeatingStatus,01020000,4,3,00000000,00000000,00000000,True,0x81,0x09,error_response,31.099,,00000000,False,True,False,
14:43:24.413,llm_feedback,m10_byte1_3_01000000,10,0x000a,setSeatHeatingStatus,01030000,4,1,00000000,00000000,00000000,True,0x81,0x09,error_response,30.791,,00000000,False,True,False,
14:43:24.445,llm_feedback,m10_byte1_3_01000000,10,0x000a,setSeatHeatingStatus,01030000,4,2,00000000,00000000,00000000,True,0x81,0x09,error_response,31.068,,00000000,False,True,False,
14:43:24.476,llm_feedback,m10_byte1_3_01000000,10,0x000a,setSeatHeatingStatus,01030000,4,3,00000000,00000000,00000000,True,0x81,0x09,error_response,31.314,,00000000,False,True,False,
14:43:24.507,llm_feedback,m10_byte1_255_01000000,10,0x000a,setSeatHeatingStatus,01ff0000,4,1,00000000,00000000,00000000,True,0x81,0x09,error_response,31.088,,00000000,False,True,False,
14:43:24.539,llm_feedback,m10_byte1_255_01000000,10,0x000a,setSeatHeatingStatus,01ff0000,4,2,00000000,00000000,00000000,True,0x81,0x09,error_response,31.472,,00000000,False,True,False,
14:43:24.572,llm_feedback,m10_byte1_255_01000000,10,0x000a,setSeatHeatingStatus,01ff0000,4,3,00000000,00000000,00000000,True,0x81,0x09,error_response,31.779,,00000000,False,True,False,
14:43:24.603,llm_feedback,m10_byte2_1_01000000,10,0x000a,setSeatHeatingStatus,01000100,4,1,00000000,00000000,00000000,True,0x81,0x09,error_response,31.096,,00000000,False,True,False,
14:43:24.634,llm_feedback,m10_byte2_1_01000000,10,0x000a,setSeatHeatingStatus,01000100,4,2,00000000,00000000,00000000,True,0x81,0x09,error_response,30.984,,00000000,False,True,False,
14:43:24.667,llm_feedback,m10_byte2_1_01000000,10,0x000a,setSeatHeatingStatus,01000100,4,3,00000000,00000000,00000000,True,0x81,0x09,error_response,32.744,,00000000,False,True,False,
14:43:24.700,llm_feedback,m10_byte2_2_01000000,10,0x000a,setSeatHeatingStatus,01000200,4,1,00000000,00000000,00000000,True,0x81,0x09,error_response,32.994,,00000000,False,True,False,
14:43:24.732,llm_feedback,m10_byte2_2_01000000,10,0x000a,setSeatHeatingStatus,01000200,4,2,00000000,00000000,00000000,True,0x81,0x09,error_response,32.171,,00000000,False,True,False,
14:43:24.765,llm_feedback,m10_byte2_2_01000000,10,0x000a,setSeatHeatingStatus,01000200,4,3,00000000,00000000,00000000,True,0x81,0x09,error_response,33.093,,00000000,False,True,False,
14:43:24.799,llm_feedback,m10_byte2_3_01000000,10,0x000a,setSeatHeatingStatus,01000300,4,1,00000000,00000000,00000000,True,0x81,0x09,error_response,33.365,,00000000,False,True,False,
14:43:24.833,llm_feedback,m10_byte2_3_01000000,10,0x000a,setSeatHeatingStatus,01000300,4,2,00000000,00000000,00000000,True,0x81,0x09,error_response,32.837,,00000000,False,True,False,
14:43:24.865,llm_feedback,m10_byte2_3_01000000,10,0x000a,setSeatHeatingStatus,01000300,4,3,00000000,00000000,00000000,True,0x81,0x09,error_response,32.375,,00000000,False,True,False,
14:43:24.897,llm_feedback,m10_byte2_255_01000000,10,0x000a,setSeatHeatingStatus,0100ff00,4,1,00000000,00000000,00000000,True,0x81,0x09,error_response,31.848,,00000000,False,True,False,
14:43:24.931,llm_feedback,m10_byte2_255_01000000,10,0x000a,setSeatHeatingStatus,0100ff00,4,2,00000000,00000000,00000000,True,0x81,0x09,error_response,33.486,,00000000,False,True,False,
14:43:24.965,llm_feedback,m10_byte2_255_01000000,10,0x000a,setSeatHeatingStatus,0100ff00,4,3,00000000,00000000,00000000,True,0x81,0x09,error_response,33.869,,00000000,False,True,False,
14:43:24.995,llm_feedback,m10_byte3_1_01000000,10,0x000a,setSeatHeatingStatus,01000001,4,1,00000000,00000000,00000000,True,0x81,0x09,error_response,30.401,,00000000,False,True,False,
14:43:25.026,llm_feedback,m10_byte3_1_01000000,10,0x000a,setSeatHeatingStatus,01000001,4,2,00000000,00000000,00000000,True,0x81,0x09,error_response,30.591,,00000000,False,True,False,
14:43:25.057,llm_feedback,m10_byte3_1_01000000,10,0x000a,setSeatHeatingStatus,01000001,4,3,00000000,00000000,00000000,True,0x81,0x09,error_response,31.455,,00000000,False,True,False,
14:43:25.090,llm_feedback,m10_byte3_2_01000000,10,0x000a,setSeatHeatingStatus,01000002,4,1,00000000,00000000,00000000,True,0x81,0x09,error_response,31.600,,00000000,False,True,False,
14:43:25.123,llm_feedback,m10_byte3_2_01000000,10,0x000a,setSeatHeatingStatus,01000002,4,2,00000000,00000000,00000000,True,0x81,0x09,error_response,33.244,,00000000,False,True,False,
14:43:25.156,llm_feedback,m10_byte3_2_01000000,10,0x000a,setSeatHeatingStatus,01000002,4,3,00000000,00000000,00000000,True,0x81,0x09,error_response,32.569,,00000000,False,True,False,
14:43:25.189,llm_feedback,m10_byte3_3_01000000,10,0x000a,setSeatHeatingStatus,01000003,4,1,00000000,00000000,00000000,True,0x81,0x09,error_response,32.386,,00000000,False,True,False,
14:43:25.220,llm_feedback,m10_byte3_3_01000000,10,0x000a,setSeatHeatingStatus,01000003,4,2,00000000,00000000,00000000,True,0x81,0x09,error_response,31.672,,00000000,False,True,False,
14:43:25.255,llm_feedback,m10_byte3_3_01000000,10,0x000a,setSeatHeatingStatus,01000003,4,3,00000000,00000000,00000000,True,0x81,0x09,error_response,34.938,,00000000,False,True,False,
14:43:25.287,llm_feedback,m10_byte3_255_01000000,10,0x000a,setSeatHeatingStatus,010000ff,4,1,00000000,00000000,00000000,True,0x81,0x09,error_response,31.266,,00000000,False,True,False,
14:43:25.318,llm_feedback,m10_byte3_255_01000000,10,0x000a,setSeatHeatingStatus,010000ff,4,2,00000000,00000000,00000000,True,0x81,0x09,error_response,30.731,,00000000,False,True,False,
14:43:25.350,llm_feedback,m10_byte3_255_01000000,10,0x000a,setSeatHeatingStatus,010000ff,4,3,00000000,00000000,00000000,True,0x81,0x09,error_response,31.646,,00000000,False,True,False,
14:43:25.382,llm_feedback,m10_suffix_zero_00000000,10,0x000a,setSeatHeatingStatus,0000000000,5,1,00000000,00000000,00000000,True,0x80,0x00,normal_response,31.610,00000000,00000000,False,True,False,
14:43:25.414,llm_feedback,m10_suffix_zero_00000000,10,0x000a,setSeatHeatingStatus,0000000000,5,2,00000000,00000000,00000000,True,0x80,0x00,normal_response,31.284,00000000,00000000,False,True,False,
14:43:25.446,llm_feedback,m10_suffix_zero_00000000,10,0x000a,setSeatHeatingStatus,0000000000,5,3,00000000,00000000,00000000,True,0x80,0x00,normal_response,32.007,00000000,00000000,False,True,False,
14:43:25.479,llm_feedback,m10_suffix_ff_00000000,10,0x000a,setSeatHeatingStatus,00000000ff,5,1,00000000,00000000,00000000,True,0x80,0x00,normal_response,33.127,00000000,00000000,False,True,False,
14:43:25.510,llm_feedback,m10_suffix_ff_00000000,10,0x000a,setSeatHeatingStatus,00000000ff,5,2,00000000,00000000,00000000,True,0x80,0x00,normal_response,30.674,00000000,00000000,False,True,False,
14:43:25.541,llm_feedback,m10_suffix_ff_00000000,10,0x000a,setSeatHeatingStatus,00000000ff,5,3,00000000,00000000,00000000,True,0x80,0x00,normal_response,30.932,00000000,00000000,False,True,False,
14:43:25.572,llm_feedback,m10_prefix_ff_00000000,10,0x000a,setSeatHeatingStatus,ff00000000,5,1,00000000,00000000,00000000,True,0x81,0x09,error_response,30.834,,00000000,False,True,False,
14:43:25.607,llm_feedback,m10_prefix_ff_00000000,10,0x000a,setSeatHeatingStatus,ff00000000,5,2,00000000,00000000,00000000,True,0x81,0x09,error_response,34.146,,00000000,False,True,False,
14:43:25.639,llm_feedback,m10_prefix_ff_00000000,10,0x000a,setSeatHeatingStatus,ff00000000,5,3,00000000,00000000,00000000,True,0x81,0x09,error_response,32.060,,00000000,False,True,False,
14:43:25.670,llm_feedback,m10_double_00000000,10,0x000a,setSeatHeatingStatus,0000000000000000,8,1,00000000,00000000,00000000,True,0x80,0x00,normal_response,30.565,00000000,00000000,False,True,False,
14:43:25.700,llm_feedback,m10_double_00000000,10,0x000a,setSeatHeatingStatus,0000000000000000,8,2,00000000,00000000,00000000,True,0x80,0x00,normal_response,30.723,00000000,00000000,False,True,False,
14:43:25.731,llm_feedback,m10_double_00000000,10,0x000a,setSeatHeatingStatus,0000000000000000,8,3,00000000,00000000,00000000,True,0x80,0x00,normal_response,30.135,00000000,00000000,False,True,False,
14:43:25.763,llm_feedback,m10_trunc2_00000000,10,0x000a,setSeatHeatingStatus,0000,2,1,00000000,00000000,00000000,True,0x81,0x09,error_response,32.668,,00000000,False,True,False,
14:43:25.796,llm_feedback,m10_trunc2_00000000,10,0x000a,setSeatHeatingStatus,0000,2,2,00000000,00000000,00000000,True,0x81,0x09,error_response,32.568,,00000000,False,True,False,
14:43:25.830,llm_feedback,m10_trunc2_00000000,10,0x000a,setSeatHeatingStatus,0000,2,3,00000000,00000000,00000000,True,0x81,0x09,error_response,33.454,,00000000,False,True,False,
14:43:25.865,llm_feedback,m10_trunc3_00000000,10,0x000a,setSeatHeatingStatus,000000,3,1,00000000,00000000,00000000,True,0x81,0x09,error_response,34.361,,00000000,False,True,False,
14:43:25.898,llm_feedback,m10_trunc3_00000000,10,0x000a,setSeatHeatingStatus,000000,3,2,00000000,00000000,00000000,True,0x81,0x09,error_response,32.553,,00000000,False,True,False,
14:43:25.930,llm_feedback,m10_trunc3_00000000,10,0x000a,setSeatHeatingStatus,000000,3,3,00000000,00000000,00000000,True,0x81,0x09,error_response,32.060,,00000000,False,True,False,
14:43:25.961,llm_feedback,m10_byte1_1_00000000,10,0x000a,setSeatHeatingStatus,00010000,4,1,00000000,00000000,00000000,True,0x81,0x09,error_response,31.145,,00000000,False,True,False,
14:43:25.997,llm_feedback,m10_byte1_1_00000000,10,0x000a,setSeatHeatingStatus,00010000,4,2,00000000,00000000,00000000,True,0x81,0x09,error_response,35.981,,00000000,False,True,False,
14:43:26.030,llm_feedback,m10_byte1_1_00000000,10,0x000a,setSeatHeatingStatus,00010000,4,3,00000000,00000000,00000000,True,0x81,0x09,error_response,32.549,,00000000,False,True,False,
14:43:26.061,llm_feedback,m10_byte1_2_00000000,10,0x000a,setSeatHeatingStatus,00020000,4,1,00000000,00000000,00000000,True,0x81,0x09,error_response,31.085,,00000000,False,True,False,
14:43:26.093,llm_feedback,m10_byte1_2_00000000,10,0x000a,setSeatHeatingStatus,00020000,4,2,00000000,00000000,00000000,True,0x81,0x09,error_response,31.606,,00000000,False,True,False,
14:43:26.126,llm_feedback,m10_byte1_2_00000000,10,0x000a,setSeatHeatingStatus,00020000,4,3,00000000,00000000,00000000,True,0x81,0x09,error_response,31.557,,00000000,False,True,False,
14:43:26.158,llm_feedback,m10_byte1_3_00000000,10,0x000a,setSeatHeatingStatus,00030000,4,1,00000000,00000000,00000000,True,0x81,0x09,error_response,31.969,,00000000,False,True,False,
14:43:26.189,llm_feedback,m10_byte1_3_00000000,10,0x000a,setSeatHeatingStatus,00030000,4,2,00000000,00000000,00000000,True,0x81,0x09,error_response,31.522,,00000000,False,True,False,
14:43:26.221,llm_feedback,m10_byte1_3_00000000,10,0x000a,setSeatHeatingStatus,00030000,4,3,00000000,00000000,00000000,True,0x81,0x09,error_response,31.964,,00000000,False,True,False,
14:43:26.252,llm_feedback,m10_byte1_255_00000000,10,0x000a,setSeatHeatingStatus,00ff0000,4,1,00000000,00000000,00000000,True,0x81,0x09,error_response,31.034,,00000000,False,True,False,
14:43:26.284,llm_feedback,m10_byte1_255_00000000,10,0x000a,setSeatHeatingStatus,00ff0000,4,2,00000000,00000000,00000000,True,0x81,0x09,error_response,31.011,,00000000,False,True,False,
14:43:26.317,llm_feedback,m10_byte1_255_00000000,10,0x000a,setSeatHeatingStatus,00ff0000,4,3,00000000,00000000,00000000,True,0x81,0x09,error_response,33.601,,00000000,False,True,False,
14:43:26.349,llm_feedback,m10_byte2_1_00000000,10,0x000a,setSeatHeatingStatus,00000100,4,1,00000000,00000000,00000000,True,0x81,0x09,error_response,32.096,,00000000,False,True,False,
14:43:26.382,llm_feedback,m10_byte2_1_00000000,10,0x000a,setSeatHeatingStatus,00000100,4,2,00000000,00000000,00000000,True,0x81,0x09,error_response,31.408,,00000000,False,True,False,
14:43:26.413,llm_feedback,m10_byte2_1_00000000,10,0x000a,setSeatHeatingStatus,00000100,4,3,00000000,00000000,00000000,True,0x81,0x09,error_response,31.329,,00000000,False,True,False,
14:43:26.445,llm_feedback,m10_byte2_2_00000000,10,0x000a,setSeatHeatingStatus,00000200,4,1,00000000,00000000,00000000,True,0x81,0x09,error_response,31.519,,00000000,False,True,False,
14:43:26.478,llm_feedback,m10_byte2_2_00000000,10,0x000a,setSeatHeatingStatus,00000200,4,2,00000000,00000000,00000000,True,0x81,0x09,error_response,32.553,,00000000,False,True,False,
14:43:26.510,llm_feedback,m10_byte2_2_00000000,10,0x000a,setSeatHeatingStatus,00000200,4,3,00000000,00000000,00000000,True,0x81,0x09,error_response,32.238,,00000000,False,True,False,
14:43:26.543,llm_feedback,m10_byte2_3_00000000,10,0x000a,setSeatHeatingStatus,00000300,4,1,00000000,00000000,00000000,True,0x81,0x09,error_response,32.387,,00000000,False,True,False,
14:43:26.575,llm_feedback,m10_byte2_3_00000000,10,0x000a,setSeatHeatingStatus,00000300,4,2,00000000,00000000,00000000,True,0x81,0x09,error_response,32.470,,00000000,False,True,False,
14:43:26.608,llm_feedback,m10_byte2_3_00000000,10,0x000a,setSeatHeatingStatus,00000300,4,3,00000000,00000000,00000000,True,0x81,0x09,error_response,32.253,,00000000,False,True,False,
14:43:26.641,llm_feedback,m10_byte2_255_00000000,10,0x000a,setSeatHeatingStatus,0000ff00,4,1,00000000,00000000,00000000,True,0x81,0x09,error_response,32.637,,00000000,False,True,False,
14:43:26.676,llm_feedback,m10_byte2_255_00000000,10,0x000a,setSeatHeatingStatus,0000ff00,4,2,00000000,00000000,00000000,True,0x81,0x09,error_response,34.875,,00000000,False,True,False,
14:43:26.711,llm_feedback,m10_byte2_255_00000000,10,0x000a,setSeatHeatingStatus,0000ff00,4,3,00000000,00000000,00000000,True,0x81,0x09,error_response,34.238,,00000000,False,True,False,
14:43:26.742,llm_feedback,m10_byte3_2_00000000,10,0x000a,setSeatHeatingStatus,00000002,4,1,00000000,00000000,00000000,True,0x81,0x09,error_response,31.223,,00000000,False,True,False,
14:43:26.774,llm_feedback,m10_byte3_2_00000000,10,0x000a,setSeatHeatingStatus,00000002,4,2,00000000,00000000,00000000,True,0x81,0x09,error_response,32.300,,00000000,False,True,False,
14:43:26.805,llm_feedback,m10_byte3_2_00000000,10,0x000a,setSeatHeatingStatus,00000002,4,3,00000000,00000000,00000000,True,0x81,0x09,error_response,30.776,,00000000,False,True,False,
14:43:26.837,llm_feedback,m10_byte3_3_00000000,10,0x000a,setSeatHeatingStatus,00000003,4,1,00000000,00000000,00000000,True,0x81,0x09,error_response,31.222,,00000000,False,True,False,
14:43:26.871,llm_feedback,m10_byte3_3_00000000,10,0x000a,setSeatHeatingStatus,00000003,4,2,00000000,00000000,00000000,True,0x81,0x09,error_response,34.120,,00000000,False,True,False,
14:43:26.905,llm_feedback,m10_byte3_3_00000000,10,0x000a,setSeatHeatingStatus,00000003,4,3,00000000,00000000,00000000,True,0x81,0x09,error_response,31.838,,00000000,False,True,False,
14:43:26.937,llm_feedback,m10_byte3_255_00000000,10,0x000a,setSeatHeatingStatus,000000ff,4,1,00000000,00000000,00000000,True,0x81,0x09,error_response,31.578,,00000000,False,True,False,
14:43:26.968,llm_feedback,m10_byte3_255_00000000,10,0x000a,setSeatHeatingStatus,000000ff,4,2,00000000,00000000,00000000,True,0x81,0x09,error_response,31.006,,00000000,False,True,False,
14:43:27.000,llm_feedback,m10_byte3_255_00000000,10,0x000a,setSeatHeatingStatus,000000ff,4,3,00000000,00000000,00000000,True,0x81,0x09,error_response,32.369,,00000000,False,True,False,
14:43:27.031,llm_feedback,m10_guided_random_00,10,0x000a,setSeatHeatingStatus,03ac0186,4,1,00000000,00000000,00000000,True,0x81,0x09,error_response,30.749,,00000000,False,True,False,
14:43:27.063,llm_feedback,m10_guided_random_00,10,0x000a,setSeatHeatingStatus,03ac0186,4,2,00000000,00000000,00000000,True,0x81,0x09,error_response,32.012,,00000000,False,True,False,
14:43:27.095,llm_feedback,m10_guided_random_00,10,0x000a,setSeatHeatingStatus,03ac0186,4,3,00000000,00000000,00000000,True,0x81,0x09,error_response,31.826,,00000000,False,True,False,
14:43:27.127,llm_feedback,m10_guided_random_01,10,0x000a,setSeatHeatingStatus,00390102ff03,6,1,00000000,00000000,00000000,True,0x81,0x09,error_response,31.715,,00000000,False,True,False,
14:43:27.165,llm_feedback,m10_guided_random_01,10,0x000a,setSeatHeatingStatus,00390102ff03,6,2,00000000,00000000,00000000,True,0x81,0x09,error_response,35.028,,00000000,False,True,False,
14:43:27.198,llm_feedback,m10_guided_random_01,10,0x000a,setSeatHeatingStatus,00390102ff03,6,3,00000000,00000000,00000000,True,0x81,0x09,error_response,32.376,,00000000,False,True,False,
14:43:27.229,llm_feedback,m10_guided_random_02,10,0x000a,setSeatHeatingStatus,010001ff01013dff01000001,12,1,00000000,00000000,00000000,True,0x81,0x09,error_response,31.392,,00000000,False,True,False,
14:43:27.261,llm_feedback,m10_guided_random_02,10,0x000a,setSeatHeatingStatus,010001ff01013dff01000001,12,2,00000000,00000000,00000000,True,0x81,0x09,error_response,32.045,,00000000,False,True,False,
14:43:27.292,llm_feedback,m10_guided_random_02,10,0x000a,setSeatHeatingStatus,010001ff01013dff01000001,12,3,00000000,00000000,00000000,True,0x81,0x09,error_response,31.117,,00000000,False,True,False,
14:43:27.323,llm_feedback,m10_guided_random_03,10,0x000a,setSeatHeatingStatus,010200ff320164000301ff,11,1,00000000,00000000,00000000,True,0x81,0x09,error_response,30.932,,00000000,False,True,False,
14:43:27.356,llm_feedback,m10_guided_random_03,10,0x000a,setSeatHeatingStatus,010200ff320164000301ff,11,2,00000000,00000000,00000000,True,0x81,0x09,error_response,31.988,,00000000,False,True,False,
14:43:27.388,llm_feedback,m10_guided_random_03,10,0x000a,setSeatHeatingStatus,010200ff320164000301ff,11,3,00000000,00000000,00000000,True,0x81,0x09,error_response,32.045,,00000000,False,True,False,
14:43:27.422,llm_feedback,m10_guided_random_04,10,0x000a,setSeatHeatingStatus,0003020101ff03021619ff01,12,1,00000000,00000000,00000000,True,0x81,0x09,error_response,33.745,,00000000,False,True,False,
14:43:27.455,llm_feedback,m10_guided_random_04,10,0x000a,setSeatHeatingStatus,0003020101ff03021619ff01,12,2,00000000,00000000,00000000,True,0x81,0x09,error_response,32.176,,00000000,False,True,False,
14:43:27.486,llm_feedback,m10_guided_random_04,10,0x000a,setSeatHeatingStatus,0003020101ff03021619ff01,12,3,00000000,00000000,00000000,True,0x81,0x09,error_response,31.352,,00000000,False,True,False,
14:43:27.518,llm_feedback,m10_guided_random_05,10,0x000a,setSeatHeatingStatus,ff8e63,3,1,00000000,00000000,00000000,True,0x81,0x09,error_response,31.726,,00000000,False,True,False,
14:43:27.552,llm_feedback,m10_guided_random_05,10,0x000a,setSeatHeatingStatus,ff8e63,3,2,00000000,00000000,00000000,True,0x81,0x09,error_response,33.908,,00000000,False,True,False,
14:43:27.586,llm_feedback,m10_guided_random_05,10,0x000a,setSeatHeatingStatus,ff8e63,3,3,00000000,00000000,00000000,True,0x81,0x09,error_response,33.522,,00000000,False,True,False,
14:43:27.618,llm_feedback,m12_level_0_u32,12,0x000c,setSeatHeatingLevel,00000000,4,1,00000000,00000000,00000000,True,0x80,0x00,normal_response,31.515,00000000,00000000,False,True,False,
14:43:27.650,llm_feedback,m12_level_0_u32,12,0x000c,setSeatHeatingLevel,00000000,4,2,00000000,00000000,00000000,True,0x80,0x00,normal_response,32.539,00000000,00000000,False,True,False,
14:43:27.687,llm_feedback,m12_level_0_u32,12,0x000c,setSeatHeatingLevel,00000000,4,3,00000000,00000000,00000000,True,0x80,0x00,normal_response,36.157,00000000,00000000,False,True,False,
14:43:27.719,llm_feedback,m12_level_1_u32,12,0x000c,setSeatHeatingLevel,00000001,4,1,00000000,00000000,00000000,True,0x81,0x09,error_response,31.535,,00000000,False,True,False,
14:43:27.756,llm_feedback,m12_level_1_u32,12,0x000c,setSeatHeatingLevel,00000001,4,2,00000000,00000000,00000000,True,0x81,0x09,error_response,36.456,,00000000,False,True,False,
14:43:27.788,llm_feedback,m12_level_1_u32,12,0x000c,setSeatHeatingLevel,00000001,4,3,00000000,00000000,00000000,True,0x81,0x09,error_response,32.106,,00000000,False,True,False,
14:43:27.819,llm_feedback,m12_level_2_u32,12,0x000c,setSeatHeatingLevel,00000002,4,1,00000000,00000000,00000000,True,0x81,0x09,error_response,30.993,,00000000,False,True,False,
14:43:27.852,llm_feedback,m12_level_2_u32,12,0x000c,setSeatHeatingLevel,00000002,4,2,00000000,00000000,00000000,True,0x81,0x09,error_response,33.264,,00000000,False,True,False,
14:43:27.885,llm_feedback,m12_level_2_u32,12,0x000c,setSeatHeatingLevel,00000002,4,3,00000000,00000000,00000000,True,0x81,0x09,error_response,32.574,,00000000,False,True,False,
14:43:27.918,llm_feedback,m12_level_3_u32,12,0x000c,setSeatHeatingLevel,00000003,4,1,00000000,00000000,00000000,True,0x81,0x09,error_response,32.689,,00000000,False,True,False,
14:43:27.958,llm_feedback,m12_level_3_u32,12,0x000c,setSeatHeatingLevel,00000003,4,2,00000000,00000000,00000000,True,0x81,0x09,error_response,37.246,,00000000,False,True,False,
14:43:27.990,llm_feedback,m12_level_3_u32,12,0x000c,setSeatHeatingLevel,00000003,4,3,00000000,00000000,00000000,True,0x81,0x09,error_response,32.049,,00000000,False,True,False,
14:43:28.034,llm_feedback,m12_level_1_byte,12,0x000c,setSeatHeatingLevel,01,1,1,00000000,00000000,00000000,True,0x81,0x09,error_response,43.809,,00000000,False,True,False,
14:43:28.066,llm_feedback,m12_level_1_byte,12,0x000c,setSeatHeatingLevel,01,1,2,00000000,00000000,00000000,True,0x81,0x09,error_response,31.626,,00000000,False,True,False,
14:43:28.098,llm_feedback,m12_level_1_byte,12,0x000c,setSeatHeatingLevel,01,1,3,00000000,00000000,00000000,True,0x81,0x09,error_response,31.734,,00000000,False,True,False,
14:43:28.129,llm_feedback,m12_level_2_byte,12,0x000c,setSeatHeatingLevel,02,1,1,00000000,00000000,00000000,True,0x81,0x09,error_response,31.251,,00000000,False,True,False,
14:43:28.163,llm_feedback,m12_level_2_byte,12,0x000c,setSeatHeatingLevel,02,1,2,00000000,00000000,00000000,True,0x81,0x09,error_response,34.226,,00000000,False,True,False,
14:43:28.195,llm_feedback,m12_level_2_byte,12,0x000c,setSeatHeatingLevel,02,1,3,00000000,00000000,00000000,True,0x81,0x09,error_response,31.087,,00000000,False,True,False,
14:43:28.231,llm_feedback,m12_level_3_byte,12,0x000c,setSeatHeatingLevel,03,1,1,00000000,00000000,00000000,True,0x81,0x09,error_response,34.267,,00000000,False,True,False,
14:43:28.266,llm_feedback,m12_level_3_byte,12,0x000c,setSeatHeatingLevel,03,1,2,00000000,00000000,00000000,True,0x81,0x09,error_response,34.387,,00000000,False,True,False,
14:43:28.297,llm_feedback,m12_level_3_byte,12,0x000c,setSeatHeatingLevel,03,1,3,00000000,00000000,00000000,True,0x81,0x09,error_response,31.095,,00000000,False,True,False,
14:43:28.330,llm_feedback,m12_suffix_zero_0000000100000001,12,0x000c,setSeatHeatingLevel,000000010000000100,9,1,00000000,00000000,00000000,True,0x80,0x00,normal_response,33.035,0000000100,0000000100,True,False,True,
14:43:28.361,llm_feedback,m12_suffix_zero_0000000100000001,12,0x000c,setSeatHeatingLevel,000000010000000100,9,2,00000000,00000000,00000000,True,0x80,0x00,normal_response,30.537,0000000100,0000000100,True,False,True,
14:43:28.392,llm_feedback,m12_suffix_zero_0000000100000001,12,0x000c,setSeatHeatingLevel,000000010000000100,9,3,00000000,00000000,00000000,True,0x80,0x00,normal_response,30.937,0000000100,0000000100,True,False,True,
14:43:28.423,llm_feedback,m12_suffix_ff_0000000100000001,12,0x000c,setSeatHeatingLevel,0000000100000001ff,9,1,00000000,00000000,00000000,True,0x80,0x00,normal_response,30.930,0000000100,0000000100,True,False,True,
14:43:28.455,llm_feedback,m12_suffix_ff_0000000100000001,12,0x000c,setSeatHeatingLevel,0000000100000001ff,9,2,00000000,00000000,00000000,True,0x80,0x00,normal_response,32.238,0000000100,0000000100,True,False,True,
14:43:28.489,llm_feedback,m12_suffix_ff_0000000100000001,12,0x000c,setSeatHeatingLevel,0000000100000001ff,9,3,00000000,00000000,00000000,True,0x80,0x00,normal_response,32.887,0000000100,0000000100,True,False,True,
14:43:28.521,llm_feedback,m12_prefix_zero_0000000100000001,12,0x000c,setSeatHeatingLevel,000000000100000001,9,1,00000000,00000000,00000000,True,0x80,0x00,normal_response,31.440,00000000,00000000,False,True,False,
14:43:28.552,llm_feedback,m12_prefix_zero_0000000100000001,12,0x000c,setSeatHeatingLevel,000000000100000001,9,2,00000000,00000000,00000000,True,0x80,0x00,normal_response,30.657,00000000,00000000,False,True,False,
14:43:28.582,llm_feedback,m12_prefix_zero_0000000100000001,12,0x000c,setSeatHeatingLevel,000000000100000001,9,3,00000000,00000000,00000000,True,0x80,0x00,normal_response,30.206,00000000,00000000,False,True,False,
14:43:28.613,llm_feedback,m12_prefix_ff_0000000100000001,12,0x000c,setSeatHeatingLevel,ff0000000100000001,9,1,00000000,00000000,00000000,True,0x81,0x09,error_response,30.860,,00000000,False,True,False,
14:43:28.646,llm_feedback,m12_prefix_ff_0000000100000001,12,0x000c,setSeatHeatingLevel,ff0000000100000001,9,2,00000000,00000000,00000000,True,0x81,0x09,error_response,33.239,,00000000,False,True,False,
14:43:28.677,llm_feedback,m12_prefix_ff_0000000100000001,12,0x000c,setSeatHeatingLevel,ff0000000100000001,9,3,00000000,00000000,00000000,True,0x81,0x09,error_response,31.022,,00000000,False,True,False,
14:43:28.709,llm_feedback,m12_double_0000000100000001,12,0x000c,setSeatHeatingLevel,00000001000000010000000100000001,16,1,00000000,00000000,00000000,True,0x80,0x00,normal_response,31.080,0000000100,0000000100,True,False,True,
14:43:28.745,llm_feedback,m12_double_0000000100000001,12,0x000c,setSeatHeatingLevel,00000001000000010000000100000001,16,2,00000000,00000000,00000000,True,0x80,0x00,normal_response,33.423,0000000100,0000000100,True,False,True,
14:43:28.776,llm_feedback,m12_double_0000000100000001,12,0x000c,setSeatHeatingLevel,00000001000000010000000100000001,16,3,00000000,00000000,00000000,True,0x80,0x00,normal_response,30.980,0000000100,0000000100,True,False,True,
14:43:28.807,llm_feedback,m12_trunc1_0000000100000001,12,0x000c,setSeatHeatingLevel,00,1,1,00000000,00000000,00000000,True,0x81,0x09,error_response,30.861,,00000000,False,True,False,
14:43:28.841,llm_feedback,m12_trunc1_0000000100000001,12,0x000c,setSeatHeatingLevel,00,1,2,00000000,00000000,00000000,True,0x81,0x09,error_response,34.299,,00000000,False,True,False,
14:43:28.875,llm_feedback,m12_trunc1_0000000100000001,12,0x000c,setSeatHeatingLevel,00,1,3,00000000,00000000,00000000,True,0x81,0x09,error_response,33.838,,00000000,False,True,False,
14:43:28.907,llm_feedback,m12_trunc2_0000000100000001,12,0x000c,setSeatHeatingLevel,0000,2,1,00000000,00000000,00000000,True,0x81,0x09,error_response,32.213,,00000000,False,True,False,
14:43:28.939,llm_feedback,m12_trunc2_0000000100000001,12,0x000c,setSeatHeatingLevel,0000,2,2,00000000,00000000,00000000,True,0x81,0x09,error_response,31.552,,00000000,False,True,False,
14:43:28.970,llm_feedback,m12_trunc2_0000000100000001,12,0x000c,setSeatHeatingLevel,0000,2,3,00000000,00000000,00000000,True,0x81,0x09,error_response,30.483,,00000000,False,True,False,
14:43:29.006,llm_feedback,m12_trunc3_0000000100000001,12,0x000c,setSeatHeatingLevel,000000,3,1,00000000,00000000,00000000,True,0x81,0x09,error_response,33.921,,00000000,False,True,False,
14:43:29.038,llm_feedback,m12_trunc3_0000000100000001,12,0x000c,setSeatHeatingLevel,000000,3,2,00000000,00000000,00000000,True,0x81,0x09,error_response,31.512,,00000000,False,True,False,
14:43:29.070,llm_feedback,m12_trunc3_0000000100000001,12,0x000c,setSeatHeatingLevel,000000,3,3,00000000,00000000,00000000,True,0x81,0x09,error_response,32.029,,00000000,False,True,False,
14:43:29.101,llm_feedback,m12_byte0_0_0000000100000001,12,0x000c,setSeatHeatingLevel,0000000100000001,8,1,00000000,00000000,00000000,True,0x80,0x00,normal_response,31.187,0000000100,0000000100,True,False,True,
14:43:29.132,llm_feedback,m12_byte0_0_0000000100000001,12,0x000c,setSeatHeatingLevel,0000000100000001,8,2,00000000,00000000,00000000,True,0x80,0x00,normal_response,31.024,0000000100,0000000100,True,False,True,
14:43:29.165,llm_feedback,m12_byte0_0_0000000100000001,12,0x000c,setSeatHeatingLevel,0000000100000001,8,3,00000000,00000000,00000000,True,0x80,0x00,normal_response,32.863,0000000100,0000000100,True,False,True,
14:43:29.197,llm_feedback,m12_byte0_1_0000000100000001,12,0x000c,setSeatHeatingLevel,0100000100000001,8,1,00000000,00000000,00000000,True,0x81,0x09,error_response,31.748,,00000000,False,True,False,
14:43:29.231,llm_feedback,m12_byte0_1_0000000100000001,12,0x000c,setSeatHeatingLevel,0100000100000001,8,2,00000000,00000000,00000000,True,0x81,0x09,error_response,33.622,,00000000,False,True,False,
14:43:29.266,llm_feedback,m12_byte0_1_0000000100000001,12,0x000c,setSeatHeatingLevel,0100000100000001,8,3,00000000,00000000,00000000,True,0x81,0x09,error_response,32.269,,00000000,False,True,False,
14:43:29.300,llm_feedback,m12_byte0_2_0000000100000001,12,0x000c,setSeatHeatingLevel,0200000100000001,8,1,00000000,00000000,00000000,True,0x81,0x09,error_response,33.517,,00000000,False,True,False,
14:43:29.330,llm_feedback,m12_byte0_2_0000000100000001,12,0x000c,setSeatHeatingLevel,0200000100000001,8,2,00000000,00000000,00000000,True,0x81,0x09,error_response,30.734,,00000000,False,True,False,
14:43:29.363,llm_feedback,m12_byte0_2_0000000100000001,12,0x000c,setSeatHeatingLevel,0200000100000001,8,3,00000000,00000000,00000000,True,0x81,0x09,error_response,32.770,,00000000,False,True,False,
14:43:29.396,llm_feedback,m12_byte0_3_0000000100000001,12,0x000c,setSeatHeatingLevel,0300000100000001,8,1,00000000,00000000,00000000,True,0x81,0x09,error_response,32.556,,00000000,False,True,False,
14:43:29.427,llm_feedback,m12_byte0_3_0000000100000001,12,0x000c,setSeatHeatingLevel,0300000100000001,8,2,00000000,00000000,00000000,True,0x81,0x09,error_response,30.758,,00000000,False,True,False,
14:43:29.459,llm_feedback,m12_byte0_3_0000000100000001,12,0x000c,setSeatHeatingLevel,0300000100000001,8,3,00000000,00000000,00000000,True,0x81,0x09,error_response,32.161,,00000000,False,True,False,
14:43:29.490,llm_feedback,m12_byte0_255_0000000100000001,12,0x000c,setSeatHeatingLevel,ff00000100000001,8,1,00000000,00000000,00000000,True,0x81,0x09,error_response,30.909,,00000000,False,True,False,
14:43:29.523,llm_feedback,m12_byte0_255_0000000100000001,12,0x000c,setSeatHeatingLevel,ff00000100000001,8,2,00000000,00000000,00000000,True,0x81,0x09,error_response,32.412,,00000000,False,True,False,
14:43:29.555,llm_feedback,m12_byte0_255_0000000100000001,12,0x000c,setSeatHeatingLevel,ff00000100000001,8,3,00000000,00000000,00000000,True,0x81,0x09,error_response,31.051,,00000000,False,True,False,
14:43:29.585,llm_feedback,m12_byte1_1_0000000100000001,12,0x000c,setSeatHeatingLevel,0001000100000001,8,1,00000000,00000000,00000000,True,0x81,0x09,error_response,30.766,,00000000,False,True,False,
14:43:29.617,llm_feedback,m12_byte1_1_0000000100000001,12,0x000c,setSeatHeatingLevel,0001000100000001,8,2,00000000,00000000,00000000,True,0x81,0x09,error_response,31.312,,00000000,False,True,False,
14:43:29.647,llm_feedback,m12_byte1_1_0000000100000001,12,0x000c,setSeatHeatingLevel,0001000100000001,8,3,00000000,00000000,00000000,True,0x81,0x09,error_response,30.391,,00000000,False,True,False,
14:43:29.678,llm_feedback,m12_byte1_2_0000000100000001,12,0x000c,setSeatHeatingLevel,0002000100000001,8,1,00000000,00000000,00000000,True,0x81,0x09,error_response,30.809,,00000000,False,True,False,
14:43:29.710,llm_feedback,m12_byte1_2_0000000100000001,12,0x000c,setSeatHeatingLevel,0002000100000001,8,2,00000000,00000000,00000000,True,0x81,0x09,error_response,31.224,,00000000,False,True,False,
14:43:29.740,llm_feedback,m12_byte1_2_0000000100000001,12,0x000c,setSeatHeatingLevel,0002000100000001,8,3,00000000,00000000,00000000,True,0x81,0x09,error_response,30.684,,00000000,False,True,False,
14:43:29.775,llm_feedback,m12_byte1_3_0000000100000001,12,0x000c,setSeatHeatingLevel,0003000100000001,8,1,00000000,00000000,00000000,True,0x81,0x09,error_response,33.805,,00000000,False,True,False,
14:43:29.806,llm_feedback,m12_byte1_3_0000000100000001,12,0x000c,setSeatHeatingLevel,0003000100000001,8,2,00000000,00000000,00000000,True,0x81,0x09,error_response,31.182,,00000000,False,True,False,
14:43:29.838,llm_feedback,m12_byte1_3_0000000100000001,12,0x000c,setSeatHeatingLevel,0003000100000001,8,3,00000000,00000000,00000000,True,0x81,0x09,error_response,31.168,,00000000,False,True,False,
14:43:29.869,llm_feedback,m12_byte1_255_0000000100000001,12,0x000c,setSeatHeatingLevel,00ff000100000001,8,1,00000000,00000000,00000000,True,0x81,0x09,error_response,30.998,,00000000,False,True,False,
14:43:29.901,llm_feedback,m12_byte1_255_0000000100000001,12,0x000c,setSeatHeatingLevel,00ff000100000001,8,2,00000000,00000000,00000000,True,0x81,0x09,error_response,31.853,,00000000,False,True,False,
14:43:29.932,llm_feedback,m12_byte1_255_0000000100000001,12,0x000c,setSeatHeatingLevel,00ff000100000001,8,3,00000000,00000000,00000000,True,0x81,0x09,error_response,30.489,,00000000,False,True,False,
14:43:29.962,llm_feedback,m12_byte2_1_0000000100000001,12,0x000c,setSeatHeatingLevel,0000010100000001,8,1,00000000,00000000,00000000,True,0x81,0x09,error_response,30.546,,00000000,False,True,False,
14:43:29.994,llm_feedback,m12_byte2_1_0000000100000001,12,0x000c,setSeatHeatingLevel,0000010100000001,8,2,00000000,00000000,00000000,True,0x81,0x09,error_response,31.270,,00000000,False,True,False,
14:43:30.032,llm_feedback,m12_byte2_1_0000000100000001,12,0x000c,setSeatHeatingLevel,0000010100000001,8,3,00000000,00000000,00000000,True,0x81,0x09,error_response,34.644,,00000000,False,True,False,
14:43:30.063,llm_feedback,m12_byte2_2_0000000100000001,12,0x000c,setSeatHeatingLevel,0000020100000001,8,1,00000000,00000000,00000000,True,0x81,0x09,error_response,31.361,,00000000,False,True,False,
14:43:30.096,llm_feedback,m12_byte2_2_0000000100000001,12,0x000c,setSeatHeatingLevel,0000020100000001,8,2,00000000,00000000,00000000,True,0x81,0x09,error_response,32.482,,00000000,False,True,False,
14:43:30.127,llm_feedback,m12_byte2_2_0000000100000001,12,0x000c,setSeatHeatingLevel,0000020100000001,8,3,00000000,00000000,00000000,True,0x81,0x09,error_response,31.079,,00000000,False,True,False,
14:43:30.161,llm_feedback,m12_byte2_3_0000000100000001,12,0x000c,setSeatHeatingLevel,0000030100000001,8,1,00000000,00000000,00000000,True,0x81,0x09,error_response,33.417,,00000000,False,True,False,
14:43:30.194,llm_feedback,m12_byte2_3_0000000100000001,12,0x000c,setSeatHeatingLevel,0000030100000001,8,2,00000000,00000000,00000000,True,0x81,0x09,error_response,32.745,,00000000,False,True,False,
14:43:30.227,llm_feedback,m12_byte2_3_0000000100000001,12,0x000c,setSeatHeatingLevel,0000030100000001,8,3,00000000,00000000,00000000,True,0x81,0x09,error_response,33.690,,00000000,False,True,False,
14:43:30.260,llm_feedback,m12_byte2_255_0000000100000001,12,0x000c,setSeatHeatingLevel,0000ff0100000001,8,1,00000000,00000000,00000000,True,0x81,0x09,error_response,32.759,,00000000,False,True,False,
14:43:30.296,llm_feedback,m12_byte2_255_0000000100000001,12,0x000c,setSeatHeatingLevel,0000ff0100000001,8,2,00000000,00000000,00000000,True,0x81,0x09,error_response,33.297,,00000000,False,True,False,
14:43:30.328,llm_feedback,m12_byte2_255_0000000100000001,12,0x000c,setSeatHeatingLevel,0000ff0100000001,8,3,00000000,00000000,00000000,True,0x81,0x09,error_response,31.772,,00000000,False,True,False,
14:43:30.359,llm_feedback,m12_byte3_0_0000000100000001,12,0x000c,setSeatHeatingLevel,0000000000000001,8,1,00000000,00000000,00000000,True,0x80,0x00,normal_response,30.768,00000000,00000000,False,True,False,
14:43:30.390,llm_feedback,m12_byte3_0_0000000100000001,12,0x000c,setSeatHeatingLevel,0000000000000001,8,2,00000000,00000000,00000000,True,0x80,0x00,normal_response,31.080,00000000,00000000,False,True,False,
14:43:30.421,llm_feedback,m12_byte3_0_0000000100000001,12,0x000c,setSeatHeatingLevel,0000000000000001,8,3,00000000,00000000,00000000,True,0x80,0x00,normal_response,30.838,00000000,00000000,False,True,False,
14:43:30.454,llm_feedback,m12_byte3_2_0000000100000001,12,0x000c,setSeatHeatingLevel,0000000200000001,8,1,00000000,00000000,00000000,True,0x80,0x00,normal_response,33.218,000000020000,000000020000,True,False,True,
14:43:30.486,llm_feedback,m12_byte3_2_0000000100000001,12,0x000c,setSeatHeatingLevel,0000000200000001,8,2,00000000,00000000,00000000,True,0x80,0x00,normal_response,31.117,000000020000,000000020000,True,False,True,
14:43:30.517,llm_feedback,m12_byte3_2_0000000100000001,12,0x000c,setSeatHeatingLevel,0000000200000001,8,3,00000000,00000000,00000000,True,0x80,0x00,normal_response,30.999,000000020000,000000020000,True,False,True,
14:43:30.550,llm_feedback,m12_byte3_3_0000000100000001,12,0x000c,setSeatHeatingLevel,0000000300000001,8,1,00000000,00000000,00000000,True,0x80,0x00,normal_response,30.982,00000003000000,00000003000000,True,False,True,
14:43:30.582,llm_feedback,m12_byte3_3_0000000100000001,12,0x000c,setSeatHeatingLevel,0000000300000001,8,2,00000000,00000000,00000000,True,0x80,0x00,normal_response,31.477,00000003000000,00000003000000,True,False,True,
14:43:30.613,llm_feedback,m12_byte3_3_0000000100000001,12,0x000c,setSeatHeatingLevel,0000000300000001,8,3,00000000,00000000,00000000,True,0x80,0x00,normal_response,30.800,00000003000000,00000003000000,True,False,True,
14:43:30.646,llm_feedback,m12_byte3_255_0000000100000001,12,0x000c,setSeatHeatingLevel,000000ff00000001,8,1,00000000,00000000,00000000,True,0x81,0x09,error_response,32.462,,00000000,False,True,False,
14:43:30.678,llm_feedback,m12_byte3_255_0000000100000001,12,0x000c,setSeatHeatingLevel,000000ff00000001,8,2,00000000,00000000,00000000,True,0x81,0x09,error_response,32.726,,00000000,False,True,False,
14:43:30.710,llm_feedback,m12_byte3_255_0000000100000001,12,0x000c,setSeatHeatingLevel,000000ff00000001,8,3,00000000,00000000,00000000,True,0x81,0x09,error_response,31.829,,00000000,False,True,False,
14:43:30.741,llm_feedback,m12_suffix_zero_00000001ff,12,0x000c,setSeatHeatingLevel,00000001ff00,6,1,00000000,00000000,00000000,True,0x80,0x00,normal_response,30.803,00000001ff,00000001ff,True,False,True,
14:43:30.771,llm_feedback,m12_suffix_zero_00000001ff,12,0x000c,setSeatHeatingLevel,00000001ff00,6,2,00000000,00000000,00000000,True,0x80,0x00,normal_response,30.066,00000001ff,00000001ff,True,False,True,
14:43:30.805,llm_feedback,m12_suffix_zero_00000001ff,12,0x000c,setSeatHeatingLevel,00000001ff00,6,3,00000000,00000000,00000000,True,0x80,0x00,normal_response,31.005,00000001ff,00000001ff,True,False,True,
14:43:30.836,llm_feedback,m12_suffix_ff_00000001ff,12,0x000c,setSeatHeatingLevel,00000001ffff,6,1,00000000,00000000,00000000,True,0x80,0x00,normal_response,30.843,00000001ff,00000001ff,True,False,True,
14:43:30.867,llm_feedback,m12_suffix_ff_00000001ff,12,0x000c,setSeatHeatingLevel,00000001ffff,6,2,00000000,00000000,00000000,True,0x80,0x00,normal_response,30.475,00000001ff,00000001ff,True,False,True,
14:43:30.898,llm_feedback,m12_suffix_ff_00000001ff,12,0x000c,setSeatHeatingLevel,00000001ffff,6,3,00000000,00000000,00000000,True,0x80,0x00,normal_response,31.237,00000001ff,00000001ff,True,False,True,
14:43:30.929,llm_feedback,m12_prefix_zero_00000001ff,12,0x000c,setSeatHeatingLevel,0000000001ff,6,1,00000000,00000000,00000000,True,0x80,0x00,normal_response,30.897,00000000,00000000,False,True,False,
14:43:30.962,llm_feedback,m12_prefix_zero_00000001ff,12,0x000c,setSeatHeatingLevel,0000000001ff,6,2,00000000,00000000,00000000,True,0x80,0x00,normal_response,32.950,00000000,00000000,False,True,False,
14:43:30.993,llm_feedback,m12_prefix_zero_00000001ff,12,0x000c,setSeatHeatingLevel,0000000001ff,6,3,00000000,00000000,00000000,True,0x80,0x00,normal_response,31.131,00000000,00000000,False,True,False,
14:43:31.026,llm_feedback,m12_prefix_ff_00000001ff,12,0x000c,setSeatHeatingLevel,ff00000001ff,6,1,00000000,00000000,00000000,True,0x81,0x09,error_response,32.922,,00000000,False,True,False,
14:43:31.061,llm_feedback,m12_prefix_ff_00000001ff,12,0x000c,setSeatHeatingLevel,ff00000001ff,6,2,00000000,00000000,00000000,True,0x81,0x09,error_response,32.017,,00000000,False,True,False,
14:43:31.093,llm_feedback,m12_prefix_ff_00000001ff,12,0x000c,setSeatHeatingLevel,ff00000001ff,6,3,00000000,00000000,00000000,True,0x81,0x09,error_response,32.154,,00000000,False,True,False,
14:43:31.125,llm_feedback,m12_double_00000001ff,12,0x000c,setSeatHeatingLevel,00000001ff00000001ff,10,1,00000000,00000000,00000000,True,0x80,0x00,normal_response,31.667,00000001ff,00000001ff,True,False,True,
14:43:31.156,llm_feedback,m12_double_00000001ff,12,0x000c,setSeatHeatingLevel,00000001ff00000001ff,10,2,00000000,00000000,00000000,True,0x80,0x00,normal_response,30.920,00000001ff,00000001ff,True,False,True,
14:43:31.187,llm_feedback,m12_double_00000001ff,12,0x000c,setSeatHeatingLevel,00000001ff00000001ff,10,3,00000000,00000000,00000000,True,0x80,0x00,normal_response,30.727,00000001ff,00000001ff,True,False,True,
14:43:31.218,llm_feedback,m12_byte0_0_00000001ff,12,0x000c,setSeatHeatingLevel,00000001ff,5,1,00000000,00000000,00000000,True,0x80,0x00,normal_response,30.987,00000001ff,00000001ff,True,False,True,
14:43:31.251,llm_feedback,m12_byte0_0_00000001ff,12,0x000c,setSeatHeatingLevel,00000001ff,5,2,00000000,00000000,00000000,True,0x80,0x00,normal_response,32.574,00000001ff,00000001ff,True,False,True,
14:43:31.281,llm_feedback,m12_byte0_0_00000001ff,12,0x000c,setSeatHeatingLevel,00000001ff,5,3,00000000,00000000,00000000,True,0x80,0x00,normal_response,30.775,00000001ff,00000001ff,True,False,True,
14:43:31.316,llm_feedback,m12_byte0_1_00000001ff,12,0x000c,setSeatHeatingLevel,01000001ff,5,1,00000000,00000000,00000000,True,0x81,0x09,error_response,32.099,,00000000,False,True,False,
14:43:31.348,llm_feedback,m12_byte0_1_00000001ff,12,0x000c,setSeatHeatingLevel,01000001ff,5,2,00000000,00000000,00000000,True,0x81,0x09,error_response,32.041,,00000000,False,True,False,
14:43:31.381,llm_feedback,m12_byte0_1_00000001ff,12,0x000c,setSeatHeatingLevel,01000001ff,5,3,00000000,00000000,00000000,True,0x81,0x09,error_response,32.391,,00000000,False,True,False,
14:43:31.413,llm_feedback,m12_byte0_2_00000001ff,12,0x000c,setSeatHeatingLevel,02000001ff,5,1,00000000,00000000,00000000,True,0x81,0x09,error_response,32.078,,00000000,False,True,False,
14:43:31.446,llm_feedback,m12_byte0_2_00000001ff,12,0x000c,setSeatHeatingLevel,02000001ff,5,2,00000000,00000000,00000000,True,0x81,0x09,error_response,33.144,,00000000,False,True,False,
14:43:31.478,llm_feedback,m12_byte0_2_00000001ff,12,0x000c,setSeatHeatingLevel,02000001ff,5,3,00000000,00000000,00000000,True,0x81,0x09,error_response,31.110,,00000000,False,True,False,
14:43:31.509,llm_feedback,m12_byte0_3_00000001ff,12,0x000c,setSeatHeatingLevel,03000001ff,5,1,00000000,00000000,00000000,True,0x81,0x09,error_response,31.688,,00000000,False,True,False,
14:43:31.542,llm_feedback,m12_byte0_3_00000001ff,12,0x000c,setSeatHeatingLevel,03000001ff,5,2,00000000,00000000,00000000,True,0x81,0x09,error_response,32.769,,00000000,False,True,False,
14:43:31.576,llm_feedback,m12_byte0_3_00000001ff,12,0x000c,setSeatHeatingLevel,03000001ff,5,3,00000000,00000000,00000000,True,0x81,0x09,error_response,32.692,,00000000,False,True,False,
14:43:31.608,llm_feedback,m12_byte0_255_00000001ff,12,0x000c,setSeatHeatingLevel,ff000001ff,5,1,00000000,00000000,00000000,True,0x81,0x09,error_response,31.470,,00000000,False,True,False,
14:43:31.639,llm_feedback,m12_byte0_255_00000001ff,12,0x000c,setSeatHeatingLevel,ff000001ff,5,2,00000000,00000000,00000000,True,0x81,0x09,error_response,31.173,,00000000,False,True,False,
14:43:31.671,llm_feedback,m12_byte0_255_00000001ff,12,0x000c,setSeatHeatingLevel,ff000001ff,5,3,00000000,00000000,00000000,True,0x81,0x09,error_response,31.421,,00000000,False,True,False,
14:43:31.702,llm_feedback,m12_byte1_1_00000001ff,12,0x000c,setSeatHeatingLevel,00010001ff,5,1,00000000,00000000,00000000,True,0x81,0x09,error_response,30.816,,00000000,False,True,False,
14:43:31.732,llm_feedback,m12_byte1_1_00000001ff,12,0x000c,setSeatHeatingLevel,00010001ff,5,2,00000000,00000000,00000000,True,0x81,0x09,error_response,30.520,,00000000,False,True,False,
14:43:31.763,llm_feedback,m12_byte1_1_00000001ff,12,0x000c,setSeatHeatingLevel,00010001ff,5,3,00000000,00000000,00000000,True,0x81,0x09,error_response,30.331,,00000000,False,True,False,
14:43:31.794,llm_feedback,m12_byte1_2_00000001ff,12,0x000c,setSeatHeatingLevel,00020001ff,5,1,00000000,00000000,00000000,True,0x81,0x09,error_response,31.360,,00000000,False,True,False,
14:43:31.837,llm_feedback,m12_byte1_2_00000001ff,12,0x000c,setSeatHeatingLevel,00020001ff,5,2,00000000,00000000,00000000,True,0x81,0x09,error_response,31.898,,00000000,False,True,False,
14:43:31.869,llm_feedback,m12_byte1_2_00000001ff,12,0x000c,setSeatHeatingLevel,00020001ff,5,3,00000000,00000000,00000000,True,0x81,0x09,error_response,32.164,,00000000,False,True,False,
14:43:31.901,llm_feedback,m12_byte1_3_00000001ff,12,0x000c,setSeatHeatingLevel,00030001ff,5,1,00000000,00000000,00000000,True,0x81,0x09,error_response,30.964,,00000000,False,True,False,
14:43:31.931,llm_feedback,m12_byte1_3_00000001ff,12,0x000c,setSeatHeatingLevel,00030001ff,5,2,00000000,00000000,00000000,True,0x81,0x09,error_response,30.802,,00000000,False,True,False,
14:43:31.963,llm_feedback,m12_byte1_3_00000001ff,12,0x000c,setSeatHeatingLevel,00030001ff,5,3,00000000,00000000,00000000,True,0x81,0x09,error_response,31.657,,00000000,False,True,False,
14:43:31.995,llm_feedback,m12_byte1_255_00000001ff,12,0x000c,setSeatHeatingLevel,00ff0001ff,5,1,00000000,00000000,00000000,True,0x81,0x09,error_response,32.093,,00000000,False,True,False,
14:43:32.027,llm_feedback,m12_byte1_255_00000001ff,12,0x000c,setSeatHeatingLevel,00ff0001ff,5,2,00000000,00000000,00000000,True,0x81,0x09,error_response,31.016,,00000000,False,True,False,
14:43:32.059,llm_feedback,m12_byte1_255_00000001ff,12,0x000c,setSeatHeatingLevel,00ff0001ff,5,3,00000000,00000000,00000000,True,0x81,0x09,error_response,32.475,,00000000,False,True,False,
14:43:32.102,llm_feedback,m12_byte2_1_00000001ff,12,0x000c,setSeatHeatingLevel,00000101ff,5,1,00000000,00000000,00000000,True,0x81,0x09,error_response,32.471,,00000000,False,True,False,
14:43:32.134,llm_feedback,m12_byte2_1_00000001ff,12,0x000c,setSeatHeatingLevel,00000101ff,5,2,00000000,00000000,00000000,True,0x81,0x09,error_response,31.035,,00000000,False,True,False,
14:43:32.165,llm_feedback,m12_byte2_1_00000001ff,12,0x000c,setSeatHeatingLevel,00000101ff,5,3,00000000,00000000,00000000,True,0x81,0x09,error_response,31.109,,00000000,False,True,False,
14:43:32.197,llm_feedback,m12_byte2_2_00000001ff,12,0x000c,setSeatHeatingLevel,00000201ff,5,1,00000000,00000000,00000000,True,0x81,0x09,error_response,31.691,,00000000,False,True,False,
14:43:32.228,llm_feedback,m12_byte2_2_00000001ff,12,0x000c,setSeatHeatingLevel,00000201ff,5,2,00000000,00000000,00000000,True,0x81,0x09,error_response,31.227,,00000000,False,True,False,
14:43:32.261,llm_feedback,m12_byte2_2_00000001ff,12,0x000c,setSeatHeatingLevel,00000201ff,5,3,00000000,00000000,00000000,True,0x81,0x09,error_response,32.873,,00000000,False,True,False,
14:43:32.292,llm_feedback,m12_byte2_3_00000001ff,12,0x000c,setSeatHeatingLevel,00000301ff,5,1,00000000,00000000,00000000,True,0x81,0x09,error_response,30.894,,00000000,False,True,False,
14:43:32.323,llm_feedback,m12_byte2_3_00000001ff,12,0x000c,setSeatHeatingLevel,00000301ff,5,2,00000000,00000000,00000000,True,0x81,0x09,error_response,30.736,,00000000,False,True,False,
14:43:32.357,llm_feedback,m12_byte2_3_00000001ff,12,0x000c,setSeatHeatingLevel,00000301ff,5,3,00000000,00000000,00000000,True,0x81,0x09,error_response,31.582,,00000000,False,True,False,
14:43:32.389,llm_feedback,m12_byte2_255_00000001ff,12,0x000c,setSeatHeatingLevel,0000ff01ff,5,1,00000000,00000000,00000000,True,0x81,0x09,error_response,32.574,,00000000,False,True,False,
14:43:32.422,llm_feedback,m12_byte2_255_00000001ff,12,0x000c,setSeatHeatingLevel,0000ff01ff,5,2,00000000,00000000,00000000,True,0x81,0x09,error_response,32.853,,00000000,False,True,False,
14:43:32.455,llm_feedback,m12_byte2_255_00000001ff,12,0x000c,setSeatHeatingLevel,0000ff01ff,5,3,00000000,00000000,00000000,True,0x81,0x09,error_response,32.282,,00000000,False,True,False,
14:43:32.486,llm_feedback,m14_baseline_open_all,14,0x000e,changeDoorsState,01010101,4,1,02020202,00000000,00000000,True,0x80,0x00,normal_response,31.154,,01010101,True,False,True,
14:43:32.516,llm_feedback,m14_baseline_open_all,14,0x000e,changeDoorsState,01010101,4,2,02020202,00000000,00000000,True,0x80,0x00,normal_response,30.226,,01010101,True,False,True,
14:43:32.547,llm_feedback,m14_baseline_open_all,14,0x000e,changeDoorsState,01010101,4,3,02020202,00000000,00000000,True,0x80,0x00,normal_response,30.252,,01010101,True,False,True,
14:43:32.577,llm_feedback,m14_reset_close_all,14,0x000e,changeDoorsState,02020202,4,1,02020202,00000000,00000000,True,0x80,0x00,normal_response,30.467,,00000000,False,True,False,
14:43:32.611,llm_feedback,m14_reset_close_all,14,0x000e,changeDoorsState,02020202,4,2,02020202,00000000,00000000,True,0x80,0x00,normal_response,30.929,,00000000,False,True,False,
14:43:32.642,llm_feedback,m14_reset_close_all,14,0x000e,changeDoorsState,02020202,4,3,02020202,00000000,00000000,True,0x80,0x00,normal_response,31.168,,00000000,False,True,False,
14:43:32.673,llm_feedback,m14_reset_expected_noop,14,0x000e,changeDoorsState,00000000,4,1,02020202,00000000,00000000,True,0x80,0x00,normal_response,30.630,,00000000,False,True,False,
14:43:32.704,llm_feedback,m14_reset_expected_noop,14,0x000e,changeDoorsState,00000000,4,2,02020202,00000000,00000000,True,0x80,0x00,normal_response,30.685,,00000000,False,True,False,
14:43:32.734,llm_feedback,m14_reset_expected_noop,14,0x000e,changeDoorsState,00000000,4,3,02020202,00000000,00000000,True,0x80,0x00,normal_response,30.489,,00000000,False,True,False,
14:43:32.765,llm_feedback,m14_open_front_left,14,0x000e,changeDoorsState,01000000,4,1,02020202,00000000,00000000,True,0x80,0x00,normal_response,30.910,,01000000,True,False,True,
14:43:32.796,llm_feedback,m14_open_front_left,14,0x000e,changeDoorsState,01000000,4,2,02020202,00000000,00000000,True,0x80,0x00,normal_response,30.833,,01000000,True,False,True,
14:43:32.827,llm_feedback,m14_open_front_left,14,0x000e,changeDoorsState,01000000,4,3,02020202,00000000,00000000,True,0x80,0x00,normal_response,30.238,,01000000,True,False,True,
14:43:32.858,llm_feedback,m14_open_front_right,14,0x000e,changeDoorsState,00010000,4,1,02020202,00000000,00000000,True,0x80,0x00,normal_response,30.746,,00010000,True,False,True,
14:43:32.891,llm_feedback,m14_open_front_right,14,0x000e,changeDoorsState,00010000,4,2,02020202,00000000,00000000,True,0x80,0x00,normal_response,31.133,,00010000,True,False,True,
14:43:32.922,llm_feedback,m14_open_front_right,14,0x000e,changeDoorsState,00010000,4,3,02020202,00000000,00000000,True,0x80,0x00,normal_response,30.618,,00010000,True,False,True,
14:43:32.953,llm_feedback,m14_open_rear_left,14,0x000e,changeDoorsState,00000100,4,1,02020202,00000000,00000000,True,0x80,0x00,normal_response,30.416,,00000100,True,False,True,
14:43:32.987,llm_feedback,m14_open_rear_left,14,0x000e,changeDoorsState,00000100,4,2,02020202,00000000,00000000,True,0x80,0x00,normal_response,34.012,,00000100,True,False,True,
14:43:33.017,llm_feedback,m14_open_rear_left,14,0x000e,changeDoorsState,00000100,4,3,02020202,00000000,00000000,True,0x80,0x00,normal_response,30.641,,00000100,True,False,True,
14:43:33.049,llm_feedback,m14_open_rear_right,14,0x000e,changeDoorsState,00000001,4,1,02020202,00000000,00000000,True,0x80,0x00,normal_response,30.922,,00000001,True,False,True,
14:43:33.079,llm_feedback,m14_open_rear_right,14,0x000e,changeDoorsState,00000001,4,2,02020202,00000000,00000000,True,0x80,0x00,normal_response,30.504,,00000001,True,False,True,
14:43:33.110,llm_feedback,m14_open_rear_right,14,0x000e,changeDoorsState,00000001,4,3,02020202,00000000,00000000,True,0x80,0x00,normal_response,30.725,,00000001,True,False,True,
14:43:33.144,llm_feedback,m14_open_front_pair,14,0x000e,changeDoorsState,01010000,4,1,02020202,00000000,00000000,True,0x80,0x00,normal_response,31.569,,01010000,True,False,True,
14:43:33.175,llm_feedback,m14_open_front_pair,14,0x000e,changeDoorsState,01010000,4,2,02020202,00000000,00000000,True,0x80,0x00,normal_response,30.916,,01010000,True,False,True,
14:43:33.206,llm_feedback,m14_open_front_pair,14,0x000e,changeDoorsState,01010000,4,3,02020202,00000000,00000000,True,0x80,0x00,normal_response,31.152,,01010000,True,False,True,
14:43:33.237,llm_feedback,m14_open_rear_pair,14,0x000e,changeDoorsState,00000101,4,1,02020202,00000000,00000000,True,0x80,0x00,normal_response,30.826,,00000101,True,False,True,
14:43:33.268,llm_feedback,m14_open_rear_pair,14,0x000e,changeDoorsState,00000101,4,2,02020202,00000000,00000000,True,0x80,0x00,normal_response,30.815,,00000101,True,False,True,
14:43:33.299,llm_feedback,m14_open_rear_pair,14,0x000e,changeDoorsState,00000101,4,3,02020202,00000000,00000000,True,0x80,0x00,normal_response,30.460,,00000101,True,False,True,
14:43:33.331,llm_feedback,m14_mixed_open_close_1,14,0x000e,changeDoorsState,01020102,4,1,02020202,00000000,00000000,True,0x80,0x00,normal_response,32.012,,01000100,True,False,True,
14:43:33.363,llm_feedback,m14_mixed_open_close_1,14,0x000e,changeDoorsState,01020102,4,2,02020202,00000000,00000000,True,0x80,0x00,normal_response,32.256,,01000100,True,False,True,
14:43:33.407,llm_feedback,m14_mixed_open_close_1,14,0x000e,changeDoorsState,01020102,4,3,02020202,00000000,00000000,True,0x80,0x00,normal_response,31.637,,01000100,True,False,True,
14:43:33.438,llm_feedback,m14_mixed_open_close_2,14,0x000e,changeDoorsState,02010102,4,1,02020202,00000000,00000000,True,0x80,0x00,normal_response,31.054,,00010100,True,False,True,
14:43:33.470,llm_feedback,m14_mixed_open_close_2,14,0x000e,changeDoorsState,02010102,4,2,02020202,00000000,00000000,True,0x80,0x00,normal_response,31.813,,00010100,True,False,True,
14:43:33.501,llm_feedback,m14_mixed_open_close_2,14,0x000e,changeDoorsState,02010102,4,3,02020202,00000000,00000000,True,0x80,0x00,normal_response,30.857,,00010100,True,False,True,
14:43:33.532,llm_feedback,m14_invalid3_all,14,0x000e,changeDoorsState,03030303,4,1,02020202,00000000,00000000,True,0x80,0x00,normal_response,30.613,,00000000,False,True,False,
14:43:33.562,llm_feedback,m14_invalid3_all,14,0x000e,changeDoorsState,03030303,4,2,02020202,00000000,00000000,True,0x80,0x00,normal_response,30.619,,00000000,False,True,False,
14:43:33.593,llm_feedback,m14_invalid3_all,14,0x000e,changeDoorsState,03030303,4,3,02020202,00000000,00000000,True,0x80,0x00,normal_response,30.866,,00000000,False,True,False,
14:43:33.624,llm_feedback,m14_boundaryff_all,14,0x000e,changeDoorsState,ffffffff,4,1,02020202,00000000,00000000,True,0x80,0x00,normal_response,31.094,,00000000,False,True,False,
14:43:33.659,llm_feedback,m14_boundaryff_all,14,0x000e,changeDoorsState,ffffffff,4,2,02020202,00000000,00000000,True,0x80,0x00,normal_response,32.056,,00000000,False,True,False,
14:43:33.690,llm_feedback,m14_boundaryff_all,14,0x000e,changeDoorsState,ffffffff,4,3,02020202,00000000,00000000,True,0x80,0x00,normal_response,31.140,,00000000,False,True,False,
14:43:33.721,llm_feedback,m14_suffix_zero_01010101,14,0x000e,changeDoorsState,0101010100,5,1,02020202,00000000,00000000,True,0x80,0x00,normal_response,30.703,,01010101,True,False,True,
14:43:33.752,llm_feedback,m14_suffix_zero_01010101,14,0x000e,changeDoorsState,0101010100,5,2,02020202,00000000,00000000,True,0x80,0x00,normal_response,30.819,,01010101,True,False,True,
14:43:33.783,llm_feedback,m14_suffix_zero_01010101,14,0x000e,changeDoorsState,0101010100,5,3,02020202,00000000,00000000,True,0x80,0x00,normal_response,30.591,,01010101,True,False,True,
14:43:33.814,llm_feedback,m14_suffix_ff_01010101,14,0x000e,changeDoorsState,01010101ff,5,1,02020202,00000000,00000000,True,0x80,0x00,normal_response,30.865,,01010101,True,False,True,
14:43:33.845,llm_feedback,m14_suffix_ff_01010101,14,0x000e,changeDoorsState,01010101ff,5,2,02020202,00000000,00000000,True,0x80,0x00,normal_response,31.270,,01010101,True,False,True,
14:43:33.875,llm_feedback,m14_suffix_ff_01010101,14,0x000e,changeDoorsState,01010101ff,5,3,02020202,00000000,00000000,True,0x80,0x00,normal_response,30.463,,01010101,True,False,True,
14:43:33.918,llm_feedback,m14_prefix_zero_01010101,14,0x000e,changeDoorsState,0001010101,5,1,02020202,00000000,00000000,True,0x80,0x00,normal_response,32.167,,00010101,True,False,True,
14:43:33.949,llm_feedback,m14_prefix_zero_01010101,14,0x000e,changeDoorsState,0001010101,5,2,02020202,00000000,00000000,True,0x80,0x00,normal_response,30.806,,00010101,True,False,True,
14:43:33.983,llm_feedback,m14_prefix_zero_01010101,14,0x000e,changeDoorsState,0001010101,5,3,02020202,00000000,00000000,True,0x80,0x00,normal_response,33.468,,00010101,True,False,True,
14:43:34.014,llm_feedback,m14_prefix_ff_01010101,14,0x000e,changeDoorsState,ff01010101,5,1,02020202,00000000,00000000,True,0x80,0x00,normal_response,30.870,,00010101,True,False,True,
14:43:34.045,llm_feedback,m14_prefix_ff_01010101,14,0x000e,changeDoorsState,ff01010101,5,2,02020202,00000000,00000000,True,0x80,0x00,normal_response,31.002,,00010101,True,False,True,
14:43:34.075,llm_feedback,m14_prefix_ff_01010101,14,0x000e,changeDoorsState,ff01010101,5,3,02020202,00000000,00000000,True,0x80,0x00,normal_response,30.509,,00010101,True,False,True,
14:43:34.106,llm_feedback,m14_double_01010101,14,0x000e,changeDoorsState,0101010101010101,8,1,02020202,00000000,00000000,True,0x80,0x00,normal_response,30.557,,01010101,True,False,True,
14:43:34.137,llm_feedback,m14_double_01010101,14,0x000e,changeDoorsState,0101010101010101,8,2,02020202,00000000,00000000,True,0x80,0x00,normal_response,30.730,,01010101,True,False,True,
14:43:34.175,llm_feedback,m14_double_01010101,14,0x000e,changeDoorsState,0101010101010101,8,3,02020202,00000000,00000000,True,0x80,0x00,normal_response,34.817,,01010101,True,False,True,
14:43:34.208,llm_feedback,m14_trunc1_01010101,14,0x000e,changeDoorsState,01,1,1,02020202,00000000,00000000,True,0x81,0x09,error_response,32.270,,00000000,False,True,False,
14:43:34.242,llm_feedback,m14_trunc1_01010101,14,0x000e,changeDoorsState,01,1,2,02020202,00000000,00000000,True,0x81,0x09,error_response,33.793,,00000000,False,True,False,
14:43:34.274,llm_feedback,m14_trunc1_01010101,14,0x000e,changeDoorsState,01,1,3,02020202,00000000,00000000,True,0x81,0x09,error_response,32.341,,00000000,False,True,False,
14:43:34.306,llm_feedback,m14_trunc2_01010101,14,0x000e,changeDoorsState,0101,2,1,02020202,00000000,00000000,True,0x81,0x09,error_response,31.194,,00000000,False,True,False,
14:43:34.339,llm_feedback,m14_trunc2_01010101,14,0x000e,changeDoorsState,0101,2,2,02020202,00000000,00000000,True,0x81,0x09,error_response,33.550,,00000000,False,True,False,
14:43:34.370,llm_feedback,m14_trunc2_01010101,14,0x000e,changeDoorsState,0101,2,3,02020202,00000000,00000000,True,0x81,0x09,error_response,30.886,,00000000,False,True,False,
14:43:34.403,llm_feedback,m14_trunc3_01010101,14,0x000e,changeDoorsState,010101,3,1,02020202,00000000,00000000,True,0x81,0x09,error_response,32.335,,00000000,False,True,False,
14:43:34.450,llm_feedback,m14_trunc3_01010101,14,0x000e,changeDoorsState,010101,3,2,02020202,00000000,00000000,True,0x81,0x09,error_response,36.095,,00000000,False,True,False,
14:43:34.481,llm_feedback,m14_trunc3_01010101,14,0x000e,changeDoorsState,010101,3,3,02020202,00000000,00000000,True,0x81,0x09,error_response,30.655,,00000000,False,True,False,
14:43:34.512,llm_feedback,m14_byte0_0_01010101,14,0x000e,changeDoorsState,00010101,4,1,02020202,00000000,00000000,True,0x80,0x00,normal_response,30.811,,00010101,True,False,True,
14:43:34.543,llm_feedback,m14_byte0_0_01010101,14,0x000e,changeDoorsState,00010101,4,2,02020202,00000000,00000000,True,0x80,0x00,normal_response,30.462,,00010101,True,False,True,
14:43:34.574,llm_feedback,m14_byte0_0_01010101,14,0x000e,changeDoorsState,00010101,4,3,02020202,00000000,00000000,True,0x80,0x00,normal_response,31.379,,00010101,True,False,True,
14:43:34.605,llm_feedback,m14_byte0_2_01010101,14,0x000e,changeDoorsState,02010101,4,1,02020202,00000000,00000000,True,0x80,0x00,normal_response,30.643,,00010101,True,False,True,
14:43:34.636,llm_feedback,m14_byte0_2_01010101,14,0x000e,changeDoorsState,02010101,4,2,02020202,00000000,00000000,True,0x80,0x00,normal_response,30.526,,00010101,True,False,True,
14:43:34.667,llm_feedback,m14_byte0_2_01010101,14,0x000e,changeDoorsState,02010101,4,3,02020202,00000000,00000000,True,0x80,0x00,normal_response,30.964,,00010101,True,False,True,
14:43:34.701,llm_feedback,m14_byte0_3_01010101,14,0x000e,changeDoorsState,03010101,4,1,02020202,00000000,00000000,True,0x80,0x00,normal_response,31.361,,00010101,True,False,True,
14:43:34.733,llm_feedback,m14_byte0_3_01010101,14,0x000e,changeDoorsState,03010101,4,2,02020202,00000000,00000000,True,0x80,0x00,normal_response,31.856,,00010101,True,False,True,
14:43:34.763,llm_feedback,m14_byte0_3_01010101,14,0x000e,changeDoorsState,03010101,4,3,02020202,00000000,00000000,True,0x80,0x00,normal_response,30.570,,00010101,True,False,True,
14:43:34.794,llm_feedback,m14_byte0_255_01010101,14,0x000e,changeDoorsState,ff010101,4,1,02020202,00000000,00000000,True,0x80,0x00,normal_response,31.125,,00010101,True,False,True,
14:43:34.825,llm_feedback,m14_byte0_255_01010101,14,0x000e,changeDoorsState,ff010101,4,2,02020202,00000000,00000000,True,0x80,0x00,normal_response,30.823,,00010101,True,False,True,
14:43:34.856,llm_feedback,m14_byte0_255_01010101,14,0x000e,changeDoorsState,ff010101,4,3,02020202,00000000,00000000,True,0x80,0x00,normal_response,30.506,,00010101,True,False,True,
14:43:34.886,llm_feedback,m14_byte1_0_01010101,14,0x000e,changeDoorsState,01000101,4,1,02020202,00000000,00000000,True,0x80,0x00,normal_response,30.218,,01000101,True,False,True,
14:43:34.917,llm_feedback,m14_byte1_0_01010101,14,0x000e,changeDoorsState,01000101,4,2,02020202,00000000,00000000,True,0x80,0x00,normal_response,30.723,,01000101,True,False,True,
14:43:34.961,llm_feedback,m14_byte1_0_01010101,14,0x000e,changeDoorsState,01000101,4,3,02020202,00000000,00000000,True,0x80,0x00,normal_response,32.467,,01000101,True,False,True,
14:43:34.994,llm_feedback,m14_byte1_2_01010101,14,0x000e,changeDoorsState,01020101,4,1,02020202,00000000,00000000,True,0x80,0x00,normal_response,32.645,,01000101,True,False,True,
14:43:35.025,llm_feedback,m14_byte1_2_01010101,14,0x000e,changeDoorsState,01020101,4,2,02020202,00000000,00000000,True,0x80,0x00,normal_response,30.649,,01000101,True,False,True,
14:43:35.055,llm_feedback,m14_byte1_2_01010101,14,0x000e,changeDoorsState,01020101,4,3,02020202,00000000,00000000,True,0x80,0x00,normal_response,30.532,,01000101,True,False,True,
14:43:35.086,llm_feedback,m14_byte1_3_01010101,14,0x000e,changeDoorsState,01030101,4,1,02020202,00000000,00000000,True,0x80,0x00,normal_response,30.576,,01000101,True,False,True,
14:43:35.117,llm_feedback,m14_byte1_3_01010101,14,0x000e,changeDoorsState,01030101,4,2,02020202,00000000,00000000,True,0x80,0x00,normal_response,30.527,,01000101,True,False,True,
14:43:35.148,llm_feedback,m14_byte1_3_01010101,14,0x000e,changeDoorsState,01030101,4,3,02020202,00000000,00000000,True,0x80,0x00,normal_response,31.089,,01000101,True,False,True,
14:43:35.179,llm_feedback,m14_byte1_255_01010101,14,0x000e,changeDoorsState,01ff0101,4,1,02020202,00000000,00000000,True,0x80,0x00,normal_response,30.835,,01000101,True,False,True,
14:43:35.215,llm_feedback,m14_byte1_255_01010101,14,0x000e,changeDoorsState,01ff0101,4,2,02020202,00000000,00000000,True,0x80,0x00,normal_response,33.994,,01000101,True,False,True,
14:43:35.246,llm_feedback,m14_byte1_255_01010101,14,0x000e,changeDoorsState,01ff0101,4,3,02020202,00000000,00000000,True,0x80,0x00,normal_response,30.792,,01000101,True,False,True,
14:43:35.277,llm_feedback,m14_byte2_0_01010101,14,0x000e,changeDoorsState,01010001,4,1,02020202,00000000,00000000,True,0x80,0x00,normal_response,30.669,,01010001,True,False,True,
14:43:35.308,llm_feedback,m14_byte2_0_01010101,14,0x000e,changeDoorsState,01010001,4,2,02020202,00000000,00000000,True,0x80,0x00,normal_response,30.922,,01010001,True,False,True,
14:43:35.339,llm_feedback,m14_byte2_0_01010101,14,0x000e,changeDoorsState,01010001,4,3,02020202,00000000,00000000,True,0x80,0x00,normal_response,30.760,,01010001,True,False,True,
14:43:35.370,llm_feedback,m14_byte2_2_01010101,14,0x000e,changeDoorsState,01010201,4,1,02020202,00000000,00000000,True,0x80,0x00,normal_response,30.601,,01010001,True,False,True,
14:43:35.400,llm_feedback,m14_byte2_2_01010101,14,0x000e,changeDoorsState,01010201,4,2,02020202,00000000,00000000,True,0x80,0x00,normal_response,30.571,,01010001,True,False,True,
14:43:35.431,llm_feedback,m14_byte2_2_01010101,14,0x000e,changeDoorsState,01010201,4,3,02020202,00000000,00000000,True,0x80,0x00,normal_response,30.308,,01010001,True,False,True,
14:43:35.467,llm_feedback,m14_byte2_3_01010101,14,0x000e,changeDoorsState,01010301,4,1,02020202,00000000,00000000,True,0x80,0x00,normal_response,33.796,,01010001,True,False,True,
14:43:35.499,llm_feedback,m14_byte2_3_01010101,14,0x000e,changeDoorsState,01010301,4,2,02020202,00000000,00000000,True,0x80,0x00,normal_response,32.284,,01010001,True,False,True,
14:43:35.530,llm_feedback,m14_byte2_3_01010101,14,0x000e,changeDoorsState,01010301,4,3,02020202,00000000,00000000,True,0x80,0x00,normal_response,30.444,,01010001,True,False,True,
14:43:35.560,llm_feedback,m14_byte2_255_01010101,14,0x000e,changeDoorsState,0101ff01,4,1,02020202,00000000,00000000,True,0x80,0x00,normal_response,30.396,,01010001,True,False,True,
14:43:35.591,llm_feedback,m14_byte2_255_01010101,14,0x000e,changeDoorsState,0101ff01,4,2,02020202,00000000,00000000,True,0x80,0x00,normal_response,30.245,,01010001,True,False,True,
14:43:35.621,llm_feedback,m14_byte2_255_01010101,14,0x000e,changeDoorsState,0101ff01,4,3,02020202,00000000,00000000,True,0x80,0x00,normal_response,30.675,,01010001,True,False,True,
14:43:35.652,llm_feedback,m14_byte3_0_01010101,14,0x000e,changeDoorsState,01010100,4,1,02020202,00000000,00000000,True,0x80,0x00,normal_response,30.950,,01010100,True,False,True,
14:43:35.683,llm_feedback,m14_byte3_0_01010101,14,0x000e,changeDoorsState,01010100,4,2,02020202,00000000,00000000,True,0x80,0x00,normal_response,30.864,,01010100,True,False,True,
14:43:35.716,llm_feedback,m14_byte3_0_01010101,14,0x000e,changeDoorsState,01010100,4,3,02020202,00000000,00000000,True,0x80,0x00,normal_response,31.675,,01010100,True,False,True,
14:43:35.749,llm_feedback,m14_byte3_2_01010101,14,0x000e,changeDoorsState,01010102,4,1,02020202,00000000,00000000,True,0x80,0x00,normal_response,32.986,,01010100,True,False,True,
14:43:35.780,llm_feedback,m14_byte3_2_01010101,14,0x000e,changeDoorsState,01010102,4,2,02020202,00000000,00000000,True,0x80,0x00,normal_response,31.111,,01010100,True,False,True,
14:43:35.811,llm_feedback,m14_byte3_2_01010101,14,0x000e,changeDoorsState,01010102,4,3,02020202,00000000,00000000,True,0x80,0x00,normal_response,30.414,,01010100,True,False,True,
14:43:35.842,llm_feedback,m14_byte3_3_01010101,14,0x000e,changeDoorsState,01010103,4,1,02020202,00000000,00000000,True,0x80,0x00,normal_response,30.944,,01010100,True,False,True,
14:43:35.873,llm_feedback,m14_byte3_3_01010101,14,0x000e,changeDoorsState,01010103,4,2,02020202,00000000,00000000,True,0x80,0x00,normal_response,30.699,,01010100,True,False,True,
14:43:35.904,llm_feedback,m14_byte3_3_01010101,14,0x000e,changeDoorsState,01010103,4,3,02020202,00000000,00000000,True,0x80,0x00,normal_response,30.877,,01010100,True,False,True,
14:43:35.934,llm_feedback,m14_byte3_255_01010101,14,0x000e,changeDoorsState,010101ff,4,1,02020202,00000000,00000000,True,0x80,0x00,normal_response,30.488,,01010100,True,False,True,
14:43:35.970,llm_feedback,m14_byte3_255_01010101,14,0x000e,changeDoorsState,010101ff,4,2,02020202,00000000,00000000,True,0x80,0x00,normal_response,34.947,,01010100,True,False,True,
14:43:36.002,llm_feedback,m14_byte3_255_01010101,14,0x000e,changeDoorsState,010101ff,4,3,02020202,00000000,00000000,True,0x80,0x00,normal_response,31.586,,01010100,True,False,True,
14:43:36.036,llm_feedback,m14_suffix_zero_00010101,14,0x000e,changeDoorsState,0001010100,5,1,02020202,00000000,00000000,True,0x80,0x00,normal_response,33.705,,00010101,True,False,True,
14:43:36.067,llm_feedback,m14_suffix_zero_00010101,14,0x000e,changeDoorsState,0001010100,5,2,02020202,00000000,00000000,True,0x80,0x00,normal_response,30.858,,00010101,True,False,True,
14:43:36.098,llm_feedback,m14_suffix_zero_00010101,14,0x000e,changeDoorsState,0001010100,5,3,02020202,00000000,00000000,True,0x80,0x00,normal_response,30.958,,00010101,True,False,True,
14:43:36.129,llm_feedback,m14_suffix_ff_00010101,14,0x000e,changeDoorsState,00010101ff,5,1,02020202,00000000,00000000,True,0x80,0x00,normal_response,30.634,,00010101,True,False,True,
14:43:36.160,llm_feedback,m14_suffix_ff_00010101,14,0x000e,changeDoorsState,00010101ff,5,2,02020202,00000000,00000000,True,0x80,0x00,normal_response,30.905,,00010101,True,False,True,
14:43:36.191,llm_feedback,m14_suffix_ff_00010101,14,0x000e,changeDoorsState,00010101ff,5,3,02020202,00000000,00000000,True,0x80,0x00,normal_response,30.750,,00010101,True,False,True,
14:43:36.223,llm_feedback,m14_prefix_zero_00010101,14,0x000e,changeDoorsState,0000010101,5,1,02020202,00000000,00000000,True,0x80,0x00,normal_response,31.425,,00000101,True,False,True,
14:43:36.254,llm_feedback,m14_prefix_zero_00010101,14,0x000e,changeDoorsState,0000010101,5,2,02020202,00000000,00000000,True,0x80,0x00,normal_response,31.165,,00000101,True,False,True,
14:43:36.285,llm_feedback,m14_prefix_zero_00010101,14,0x000e,changeDoorsState,0000010101,5,3,02020202,00000000,00000000,True,0x80,0x00,normal_response,30.433,,00000101,True,False,True,
14:43:36.315,llm_feedback,m14_prefix_ff_00010101,14,0x000e,changeDoorsState,ff00010101,5,1,02020202,00000000,00000000,True,0x80,0x00,normal_response,30.531,,00000101,True,False,True,
14:43:36.347,llm_feedback,m14_prefix_ff_00010101,14,0x000e,changeDoorsState,ff00010101,5,2,02020202,00000000,00000000,True,0x80,0x00,normal_response,31.687,,00000101,True,False,True,
14:43:36.378,llm_feedback,m14_prefix_ff_00010101,14,0x000e,changeDoorsState,ff00010101,5,3,02020202,00000000,00000000,True,0x80,0x00,normal_response,30.934,,00000101,True,False,True,
14:43:36.410,llm_feedback,m14_double_00010101,14,0x000e,changeDoorsState,0001010100010101,8,1,02020202,00000000,00000000,True,0x80,0x00,normal_response,31.188,,00010101,True,False,True,
14:43:36.442,llm_feedback,m14_double_00010101,14,0x000e,changeDoorsState,0001010100010101,8,2,02020202,00000000,00000000,True,0x80,0x00,normal_response,31.909,,00010101,True,False,True,
14:43:36.487,llm_feedback,m14_double_00010101,14,0x000e,changeDoorsState,0001010100010101,8,3,02020202,00000000,00000000,True,0x80,0x00,normal_response,34.510,,00010101,True,False,True,
14:43:36.518,llm_feedback,m14_trunc1_00010101,14,0x000e,changeDoorsState,00,1,1,02020202,00000000,00000000,True,0x81,0x09,error_response,30.865,,00000000,False,True,False,
14:43:36.551,llm_feedback,m14_trunc1_00010101,14,0x000e,changeDoorsState,00,1,2,02020202,00000000,00000000,True,0x81,0x09,error_response,32.864,,00000000,False,True,False,
14:43:36.582,llm_feedback,m14_trunc1_00010101,14,0x000e,changeDoorsState,00,1,3,02020202,00000000,00000000,True,0x81,0x09,error_response,31.137,,00000000,False,True,False,
14:43:36.613,llm_feedback,m14_trunc2_00010101,14,0x000e,changeDoorsState,0001,2,1,02020202,00000000,00000000,True,0x81,0x09,error_response,30.722,,00000000,False,True,False,
14:43:36.644,llm_feedback,m14_trunc2_00010101,14,0x000e,changeDoorsState,0001,2,2,02020202,00000000,00000000,True,0x81,0x09,error_response,30.646,,00000000,False,True,False,
14:43:36.674,llm_feedback,m14_trunc2_00010101,14,0x000e,changeDoorsState,0001,2,3,02020202,00000000,00000000,True,0x81,0x09,error_response,30.583,,00000000,False,True,False,
14:43:36.705,llm_feedback,m14_trunc3_00010101,14,0x000e,changeDoorsState,000101,3,1,02020202,00000000,00000000,True,0x81,0x09,error_response,30.723,,00000000,False,True,False,
14:43:36.743,llm_feedback,m14_trunc3_00010101,14,0x000e,changeDoorsState,000101,3,2,02020202,00000000,00000000,True,0x81,0x09,error_response,35.598,,00000000,False,True,False,
14:43:36.775,llm_feedback,m14_trunc3_00010101,14,0x000e,changeDoorsState,000101,3,3,02020202,00000000,00000000,True,0x81,0x09,error_response,31.294,,00000000,False,True,False,
14:43:36.806,llm_feedback,m14_byte1_2_00010101,14,0x000e,changeDoorsState,00020101,4,1,02020202,00000000,00000000,True,0x80,0x00,normal_response,31.206,,00000101,True,False,True,
14:43:36.837,llm_feedback,m14_byte1_2_00010101,14,0x000e,changeDoorsState,00020101,4,2,02020202,00000000,00000000,True,0x80,0x00,normal_response,30.726,,00000101,True,False,True,
14:43:36.868,llm_feedback,m14_byte1_2_00010101,14,0x000e,changeDoorsState,00020101,4,3,02020202,00000000,00000000,True,0x80,0x00,normal_response,30.659,,00000101,True,False,True,
14:43:36.898,llm_feedback,m14_byte1_3_00010101,14,0x000e,changeDoorsState,00030101,4,1,02020202,00000000,00000000,True,0x80,0x00,normal_response,30.786,,00000101,True,False,True,
14:43:36.929,llm_feedback,m14_byte1_3_00010101,14,0x000e,changeDoorsState,00030101,4,2,02020202,00000000,00000000,True,0x80,0x00,normal_response,30.784,,00000101,True,False,True,
14:43:36.961,llm_feedback,m14_byte1_3_00010101,14,0x000e,changeDoorsState,00030101,4,3,02020202,00000000,00000000,True,0x80,0x00,normal_response,31.328,,00000101,True,False,True,
14:43:36.999,llm_feedback,m14_byte1_255_00010101,14,0x000e,changeDoorsState,00ff0101,4,1,02020202,00000000,00000000,True,0x80,0x00,normal_response,35.005,,00000101,True,False,True,
14:43:37.029,llm_feedback,m14_byte1_255_00010101,14,0x000e,changeDoorsState,00ff0101,4,2,02020202,00000000,00000000,True,0x80,0x00,normal_response,30.683,,00000101,True,False,True,
14:43:37.061,llm_feedback,m14_byte1_255_00010101,14,0x000e,changeDoorsState,00ff0101,4,3,02020202,00000000,00000000,True,0x80,0x00,normal_response,31.241,,00000101,True,False,True,
14:43:37.091,llm_feedback,m14_byte2_0_00010101,14,0x000e,changeDoorsState,00010001,4,1,02020202,00000000,00000000,True,0x80,0x00,normal_response,29.994,,00010001,True,False,True,
14:43:37.122,llm_feedback,m14_byte2_0_00010101,14,0x000e,changeDoorsState,00010001,4,2,02020202,00000000,00000000,True,0x80,0x00,normal_response,30.642,,00010001,True,False,True,
14:43:37.152,llm_feedback,m14_byte2_0_00010101,14,0x000e,changeDoorsState,00010001,4,3,02020202,00000000,00000000,True,0x80,0x00,normal_response,30.676,,00010001,True,False,True,
14:43:37.183,llm_feedback,m14_byte2_2_00010101,14,0x000e,changeDoorsState,00010201,4,1,02020202,00000000,00000000,True,0x80,0x00,normal_response,30.340,,00010001,True,False,True,
14:43:37.214,llm_feedback,m14_byte2_2_00010101,14,0x000e,changeDoorsState,00010201,4,2,02020202,00000000,00000000,True,0x80,0x00,normal_response,31.095,,00010001,True,False,True,
14:43:37.246,llm_feedback,m14_byte2_2_00010101,14,0x000e,changeDoorsState,00010201,4,3,02020202,00000000,00000000,True,0x80,0x00,normal_response,31.367,,00010001,True,False,True,
